{"v_beta_reduct": 0, "v_tau_reduct": 0, "v_pi_reduct": 0, "S": [[7991.323317568688, 599.4390854644939], [3053.656033790655, 227.72181929168428], [1942.9232067696191, 361.0190334146137], [471.3541171493484, 467.449983921797], [269.04604147786813, 210.6678747283563]], "E": [[0.0001356285721285231, 1.017366761532962e-05], [5.810899797593645e-05, 4.333391380649593e-06], [3.6501008676596844e-05, 6.782336442927638e-06], [8.858247809431501e-06, 8.784876689179405e-06], [3.86022520348807e-06, 3.0226255518372477e-06]], "IA": [[0.0010803336912913557, 8.10371717135327e-05], [0.0005243942340812001, 3.910606011858304e-05], [0.0004017228134571119, 7.463837757251928e-05], [8.75142741587194e-05, 8.676939952020915e-05], [2.7538772769937785e-05, 2.156335287522588e-05]], "IY": [[0.0014327299669529975, 0.00010791727711409361], [0.0006953733467100468, 5.202209870125307e-05], [0.00054420928630356, 0.00012307451326457438], [0.0001215969172811174, 0.00018586677611416848], [3.860771796579378e-05, 5.083758978988435e-05]], "PA": [[0.0003021763137102403, 2.266662052594915e-05], [0.0001437380378792834, 1.07190486194016e-05], [0.00010735271022667101, 1.9947454112767596e-05], [2.3713588828359123e-05, 2.3517173584812338e-05], [7.847827211802837e-06, 6.144989425840952e-06]], "PY": [[0.000400559299569388, 3.004645046463026e-05], [0.0001905364688167246, 1.4208971425718401e-05], [0.00014230475541674996, 2.6441974056459365e-05], [3.1434292167824884e-05, 3.117392777521634e-05], [1.0402933745878169e-05, 8.145683657510104e-06]], "R": [[100529.8093936652, 7347.035523785261], [204845.04319062323, 17548.12204702107], [267002.1280280355, 28852.121178881338], [57263.21151337548, 17645.12285294613], [8660.678480751107, 6512.174424058973]], "D": [[120.07288553299361, 9.393238068699839], [361.45881804364643, 35.269589381866204], [836.831992878805, 278.7664897940552], [342.8261561437356, 620.6778716600965], [80.0482988491917, 457.52820266491676]], "IH": [[1.2992293520786618e-06, 9.767159856299185e-07], [4.847788107693881e-07, 3.6214490996822283e-07], [2.304503377540745e-05, 4.775114262172192e-05], [1.2803163877457505e-05, 0.00016314306024670048], [5.289317432361019e-06, 5.6399551992902924e-05]], "ICU": [[1.8070494200312398e-06, 1.3583200125311197e-06], [6.900168163138392e-07, 5.162142183337148e-07], [3.3410053793507755e-05, 6.666399984612162e-05], [4.5037955441404666e-05, 0.0004519972118658559], [1.4420763667851689e-05, 0.00014614129573158697]], "IYIH": [[1.5015149093597258e-07, 1.1287855228343307e-07], [5.6072682820148704e-08, 4.188615569164311e-08], [2.676921427477935e-06, 5.545818794857472e-06], [1.277177604870823e-06, 1.6329101295615913e-05], [4.782803887699402e-07, 5.119585105001203e-06]], "IYICU": [[3.121647821183982e-08, 2.3466019699397605e-08], [1.1657522638485634e-08, 8.707735626719217e-09], [5.563599067590524e-07, 1.1496719342147102e-06], [2.6534815051806683e-07, 3.375949964648289e-06], [9.935608217921875e-08, 1.0575870581617955e-06]], "IHICU": [[2.643695952266669e-08, 1.9874399227618397e-08], [9.863889911987977e-09, 7.3686549951495995e-09], [4.6877370593717353e-07, 9.713434229819946e-07], [2.4408450606603325e-07, 3.1096247727096865e-06], [9.69510912064818e-08, 1.0335798910015301e-06]], "ToICU": [[5.765343773450651e-08, 4.3340418927016e-08], [2.152141255047361e-08, 1.6076390621868816e-08], [1.025133612696226e-06, 2.1210153571967046e-06], [5.094326565841001e-07, 6.485574737357974e-06], [1.9630717338570053e-07, 2.0911669491633256e-06]], "ToIHT": [[1.8136796914781236e-07, 1.363445719828307e-07], [6.773020545863435e-08, 5.0593891318362334e-08], [3.233281334236987e-06, 6.695490729072182e-06], [1.5425257553888898e-06, 1.9705051260264203e-05], [5.776364709491589e-07, 6.177172163162999e-06]], "ToICUD": [[1.0337603628524815e-08, 7.770542221257162e-09], [3.94891664195788e-09, 2.9543317619715044e-09], [1.912557132928186e-07, 3.813835298367069e-07], [6.16310804431101e-07, 6.175143405260846e-06], [4.114174889989414e-07, 4.167777040263269e-06]], "ToIYD": [[1.1150071987367139e-07, 8.346048309539736e-09], [5.416131262145928e-08, 4.0324117894679666e-09], [4.1053908739509495e-08, 6.7209189032774294e-09], [8.817685384126545e-09, 6.000903560663206e-09], [2.757691825809358e-09, 1.2969295203890041e-09]], "ToIA": [[0.00014016509722712943, 1.0513957996312814e-05], [6.769805404303615e-05, 5.048480857627084e-06], [5.166310855015361e-05, 9.599641074361432e-06], [1.1285233595990668e-05, 1.119176008808946e-05], [3.586683259350381e-06, 2.808437304710447e-06]], "ToIY": [[0.00018580024516154356, 1.3937107111391402e-05], [8.973928094076892e-05, 6.692172299645204e-06], [6.848365551997107e-05, 1.2725105610200036e-05], [1.4959495697010882e-05, 1.4835588953979049e-05], [4.7544405996039906e-06, 3.7228122411278033e-06]]}