{"v_beta_reduct": 0, "v_tau_reduct": 0, "v_pi_reduct": 0, "S": [[13963.853569800021, 1047.445996214277], [9248.468523423646, 689.690670629181], [2280.52360693723, 423.7493408833972], [480.80993580609345, 476.8274818967702], [295.4707186011586, 231.35887073546266]], "E": [[28.879971811664944, 2.1663225479771953], [22.327984558412403, 1.6650759641866433], [5.825458283746947, 1.0824418131749867], [1.1964985850697742, 1.186588223172568], [0.5004539484269428, 0.3918644152331476]], "IA": [[132.43207252737895, 9.933894210919343], [117.65666665278484, 8.774069538689096], [40.64334190828324, 7.552031419883937], [7.442626076593562, 7.380976600082441], [2.185186505770472, 1.7110402164888026]], "IY": [[175.5828758996782, 13.193225826949098], [155.98696642104997, 11.648251199265678], [54.36110780106268, 10.909890711374153], [10.056925619722858, 11.666866335605533], [2.9618335123207076, 2.7727140446590544]], "PA": [[53.55567315567579, 4.017277547423925], [44.46017869348513, 3.31555115117289], [15.296897832048057, 2.8423517976583312], [2.865831917611286, 2.8420947967003976], [0.918819336002966, 0.7194520153941254]], "PY": [[70.99240395054696, 5.325228376817757], [58.935585709968635, 4.395032921322202], [20.277283172714846, 3.767768662012208], [3.798893472182401, 3.7674279863237805], [1.2179698174923037, 0.9536922064526776]], "R": [[107822.22743296494, 7844.867240474562], [236643.20593722537, 20399.163658237158], [323272.8253845399, 34766.43482076691], [69050.79131176547, 21027.7148501415], [10682.683101476674, 8021.977375762778]], "D": [[116.95907491873238, 9.132870738461584], [354.9909386209213, 34.702714693360825], [838.5151095200529, 279.53776530595115], [344.0020696495224, 619.5798843840444], [80.59423553043858, 462.3205166638643]], "IH": [[0.06162221632659729, 0.04622384513079082], [0.04337276303104798, 0.032345240920909915], [0.8963151673359908, 1.6663561606149528], [0.376873301900941, 3.733101787786472], [0.1331757631153822, 1.0371482747556349]], "ICU": [[0.024130686175815597, 0.01809945091177179], [0.01710031009633357, 0.012751744396703155], [0.3546589975216246, 0.657269145438858], [0.1593703057679252, 1.5697598124785181], [0.05394366212095746, 0.4178773998096493]], "IYIH": [[0.01331941132760872, 0.009993175585578195], [0.00915291662081637, 0.006826998650224323], [0.1943919974743753, 0.3643409616697407], [0.07691795807022471, 0.7748319426070339], [0.026621912293558748, 0.21147419683966287]], "IYICU": [[0.0027691088585461397, 0.002077489845440744], [0.0019028958039925682, 0.0014192870417217575], [0.04040480918689568, 0.07558043209173664], [0.015983262499678238, 0.16038524772796114], [0.0055314241398888835, 0.04374433601780969]], "IHICU": [[0.0009177902791517238, 0.0006884300679810886], [0.0006480969453625864, 0.0004833068550049941], [0.013344384218918348, 0.024780428834916143], [0.005236839341127516, 0.05175788526776996], [0.001771911400339775, 0.013764108265256928]], "ToICU": [[0.0036868991376978635, 0.0027659199134218333], [0.002550992749355155, 0.0019025938967267516], [0.05374919340581402, 0.10036086092665279], [0.021220101840805757, 0.2121431329957311], [0.007303335540228659, 0.05750844428306663]], "ToIHT": [[0.01608852018615486, 0.01207066543101894], [0.011055812424808938, 0.008246285691946081], [0.23479680666127098, 0.4399213937614775], [0.09290122056990296, 0.9352171903349951], [0.03215333643344763, 0.2552185328574726]], "ToICUD": [[0.0001288859019783198, 9.667034991766687e-05], [9.153969643382045e-05, 6.826034792507021e-05], [0.00189570867297224, 0.003510686851408276], [0.00203639238635679, 0.020033013236106914], [0.001436784865117519, 0.011114601969275942]], "ToIYD": [[0.013255334481573008, 0.0009913071570491142], [0.011847938006048551, 0.000881528667417124], [0.00401841613446255, 0.0006360408482498097], [0.0007209259092779798, 0.00047642968007736985], [0.0002089158235351791, 9.771691941743415e-05]], "ToIA": [[24.107139203554503, 1.8083064472656905], [20.285175456976514, 1.512736538955623], [7.2681525081291225, 1.3505121478815676], [1.3450335406666873, 1.3338928929498177], [0.4127385573491391, 0.32318169119891427]], "ToIY": [[31.955975223316436, 2.397057383584751], [26.889651187154897, 2.005255412103965], [9.634527743333944, 1.790213777424404], [1.782951437627934, 1.7681836022823159], [0.5471185527651378, 0.4284036371706536]]}