{"v_beta_reduct": 0.75, "v_tau_reduct": 0.95, "v_pi_reduct": 0.95, "S": [[0.0, 0.0], [-527384.5609582358, -163125.47875360862], [-7292690.376869443, -1960300.5470912785], [-2533289.7931641187, -1518297.410429384], [-758752.8850189844, -591971.5619510781]], "E": [[0.0, 0.0], [-316.45851759797245, -98.26337312224956], [-4635.341047879706, -1248.868390525954], [-1570.051166719949, -942.4778124032157], [-320.54963458571507, -250.08958990698403]], "IA": [[0.0, 0.0], [-3552.5388449159045, -1130.1166116052937], [-69118.38147219134, -18806.85478381012], [-21064.92948205202, -12724.553046878658], [-3092.097711685031, -2412.421605808963]], "IY": [[0.0, 0.0], [-104.21831705784642, -33.155638109194626], [-2028.5411058813304, -553.9692180464037], [-618.5368652736819, -376.32181656079564], [-90.80905204797146, -71.42830506832756]], "PA": [[0.0, 0.0], [-1393.7630529315638, -436.69254970195686], [-26924.862804143137, -7283.496936106904], [-8350.042709570658, -5024.873945707792], [-1318.831180032554, -1028.9385400150245]], "PY": [[0.0, 0.0], [-40.8875419542456, -12.810846800314755], [-789.8698815420278, -213.66923590226142], [-244.95750614798146, -147.410095164871], [-38.689334668994135, -30.185021503271447]], "R": [[0.0, 0.0], [-31401.52973995451, -29715.1267544437], [-4316377.701372573, -1832417.3367375953], [-1468897.2347854734, -1183972.4441989192], [-211949.51687626456, -165334.74181012367]], "D": [[0.0, 0.0], [-0.12114919912251236, -0.24927699275200604], [-37.07533521085527, -21.44970351352765], [-13.961944963239851, -23.852164799891675], [-2.3159194090025963, -5.032368186976229]], "IH": [[0.0, 0.0], [-0.001400303610291473, -0.004519340436812024], [-1.620568537078108, -4.150993170589862], [-1.1283736351937002, -5.963533759321974], [-0.2017551790628197, -1.3395437017033591]], "ICU": [[0.0, 0.0], [-0.0005364694756880628, -0.0017603973903036804], [-0.6268417295210194, -1.6151681984740256], [-0.466207262255327, -2.4759294551183744], [-0.0809233474745454, -0.5371244628881241]], "IYIH": [[0.0, 0.0], [-0.00030468617131745743, -0.0009695609272821436], [-0.36140330138155147, -0.9207210905493897], [-0.23575193593354565, -1.2419500096976093], [-0.04072557748798645, -0.27065088643161284]], "IYICU": [[0.0, 0.0], [-6.3344635270854e-05, -0.0002015725768118875], [-0.07513532525159089, -0.19139804266481056], [-0.04901189267756007, -0.258146549674079], [-0.00846664711493768, -0.05625447225220375]], "IHICU": [[0.0, 0.0], [-2.083956774100945e-05, -6.738398067461698e-05], [-0.02403562282879482, -0.061611526770368075], [-0.01563279855460195, -0.08265421574950473], [-0.002681152378868841, -0.017799220605015095]], "ToICU": [[0.0, 0.0], [-8.418420301186346e-05, -0.0002689565574865045], [-0.09917094808038572, -0.25300956943517866], [-0.06464469123216203, -0.34080076542358373], [-0.01114779949380652, -0.07405369285721886]], "ToIHT": [[0.0, 0.0], [-0.0003680308065883115, -0.0011711335040940308], [-0.43653862663314236, -1.1121191332142002], [-0.2847638286111057, -1.5000965593716884], [-0.04919222460292412, -0.3269053586838166]], "ToICUD": [[0.0, 0.0], [-2.85853280311969e-06, -9.40328493434417e-06], [-0.0033372370825481197, -0.008606992461820697], [-0.005937663075413573, -0.03155253136427533], [-0.0021523642181568766, -0.014285199375310411]], "ToIYD": [[0.0, 0.0], [-0.007891035770092848, -0.002513582081564373], [-0.15303743713636792, -0.0413871675738115], [-0.04655501838439005, -0.027761181292724323], [-0.006800050133973292, -0.005224284749915493]], "ToIA": [[0.0, 0.0], [-633.5099857921695, -198.80908038382506], [-12756.578900296543, -3452.618782721916], [-3908.908434559972, -2353.139843591326], [-591.5039284297234, -461.48526906136914]], "ToIY": [[0.0, 0.0], [-18.584698502395103, -5.832278734883191], [-374.22799656042395, -101.2862947067161], [-114.67204362836779, -69.0318945366473], [-17.352405517495754, -13.538167954965544]]}