{"v_beta_reduct": 0.7, "v_tau_reduct": 0.85, "v_pi_reduct": 0.95, "S": [[3704.402392004934, 249.90258738459178], [560563.2665335241, 165202.38933876363], [6900913.71390195, 1760317.0634980774], [2395130.125893147, 1386287.5915745874], [801822.5776434555, 625769.310154487]], "E": [[2.294889224963897, 0.15481545857902967], [403.7862169553591, 119.43291536253193], [5263.73718713042, 1345.970254561461], [1781.4101177417429, 1032.792473057395], [406.55142837281835, 317.2863866371029]], "IA": [[21.850217174582845, 1.4740368969171704], [4282.940624603629, 1295.944173615443], [74064.5906373671, 19137.346496603583], [22549.82204212238, 13160.548328338984], [3696.978844498837, 2885.246550485127]], "IY": [[2.0428771054460184, 0.13782610493936767], [400.43094362281454, 121.17159162799555], [6927.57876405434, 1796.5296497312613], [2110.2287297721678, 1240.4411373185862], [346.02191745730477, 272.2597743323833]], "PA": [[8.973916999595186, 0.6053891666881374], [1676.2887371988118, 500.0346602708278], [28806.910794102594, 7397.574141619252], [8925.731599425486, 5188.413528562103], [1575.3614598172067, 1229.465079031462]], "PY": [[0.8390048151617149, 0.05660008064716868], [156.72245711372162, 46.750096722969694], [2693.2650332375856, 691.6266693367373], [834.4997832158324, 485.0840423095241], [147.28639126776508, 114.94725451852379]], "R": [[2421.889198794519, 161.5132836652599], [68963.76105120589, 39173.77267633735], [5231614.765284405, 2149047.1983311865], [1769431.160000022, 1395689.5238565307], [286497.4305020547, 223568.32999328297]], "D": [[0.13862682074770594, 0.009048915268546289], [2.248014896240547, 1.0844768628995676], [144.53074034864642, 81.48944176847792], [53.53668604463757, 90.2551047410072], [11.298424139508558, 24.10928374824793]], "IH": [[3.538758717180091e-05, 2.3837772006833066e-05], [0.005392213221401914, 0.016536705755013845], [5.541837200326357, 13.484647221853269], [3.8547468311464614, 19.688163321663794], [0.7694563688493831, 5.110397510880424]], "ICU": [[1.3740676979215337e-05, 9.255954068984342e-06], [0.0020696509712067857, 0.006446491975776852], [2.1452518761779222, 5.252716398987692], [1.594104721825181, 8.183913972342706], [0.30883543114159423, 2.0505345953831693]], "IYIH": [[7.736594969073415e-06, 5.211574859157758e-06], [0.0011709439760369078, 0.003543878562707235], [1.2344029968408998, 2.9864659338630832], [0.8044185975763712, 4.0944234871707605], [0.15519698735487775, 1.031725388201462]], "IYICU": [[1.6084476566043675e-06, 1.0834904087467017e-06], [0.00024344071397772583, 0.0007367754967145341], [0.25663094472195097, 0.6208218103111514], [0.167235436757389, 0.8510497909452829], [0.03226468981619251, 0.21444292308696514]], "IHICU": [[5.262446824444447e-07, 3.544882245735098e-07], [8.026927803112864e-05, 0.0002465999748708787], [0.08220803488930677, 0.20018904781898583], [0.05341292772696915, 0.2729262843754435], [0.010226418910544198, 0.06791122856140994]], "ToICU": [[2.1346923390488127e-06, 1.4379786333202114e-06], [0.0003237099920088545, 0.0009833754715854127], [0.33883897961125775, 0.8210108581301372], [0.22064836448435815, 1.1239760753207264], [0.04249110872673671, 0.282354151648375]], "ToIHT": [[9.345042625677786e-06, 6.295065267904459e-06], [0.0014143846900146336, 0.004280654059421769], [1.4910339415628509, 3.607287744174234], [0.9716540343337604, 4.945473278116044], [0.18746167717107023, 1.2461683112884272]], "ToICUD": [[7.327805472231265e-08, 4.936130094613293e-08], [1.1031359350242916e-05, 3.443928688788471e-05], [0.011422872814403337, 0.027996738027508593], [0.02030565585589497, 0.10431243576310849], [0.008215116232467515, 0.05454101473986578]], "ToIYD": [[0.00015406501474686274, 1.0391805530346922e-05], [0.03032615743513584, 0.00918748827825734], [0.5227120790203901, 0.1342440912095524], [0.15885223784321184, 0.091522228615475], [0.025913623814569662, 0.019915054714012448]], "ToIA": [[4.0328896533675795, 0.2720626574446303], [762.111549184823, 227.67926463160484], [13649.976912307136, 3507.2382940912566], [4178.934651447046, 2430.08220578401], [706.6310259807294, 551.4786312017833]], "ToIY": [[0.3770498254378655, 0.025436147852942487], [71.25263800470462, 21.28657968945021], [1276.1870158581305, 327.904728425153], [390.7041144873945, 227.19740688303207], [66.06555792384074, 51.55978454647617]]}