{"v_beta_reduct": 0.7, "v_tau_reduct": 0.75, "v_pi_reduct": 0.95, "S": [[0.0, 0.0], [16459.837114719827, 3646.7123498760066], [131345.08288744508, 25587.561812677268], [48505.95892242479, 22383.495079637098], [55860.54258702435, 43720.1423085202]], "E": [[0.0, 0.0], [0.0001820583298753018, 4.0349161090307315e-05], [0.0014593240600964746, 0.00028433422468682044], [0.000552004321588321, 0.00025474737557316794], [0.0005048725308977506, 0.0003951508767483206]], "IA": [[0.0, 0.0], [0.00488758716868831, 0.0010898051705185946], [0.048204512560433614, 0.009410743602729863], [0.01626787365192948, 0.007517436689581468], [0.010851047640847664, 0.008493060111339226]], "IY": [[0.0, 0.0], [0.0008122428906404012, 0.00018114940352951451], [0.008022691625959037, 0.0015855306379965297], [0.0027120926248637746, 0.0012831306953963045], [0.0018101069491009405, 0.0014554532460913326]], "PA": [[0.0, 0.0], [0.0010021108171648153, 0.0002222961098599792], [0.009634820636921138, 0.0018778341066635741], [0.0032917910568612966, 0.0015193948670727741], [0.0022870409836796076, 0.0017900189703690728]], "PY": [[0.0, 0.0], [0.00016653153521397802, 3.6941336040871186e-05], [0.0016011217968061363, 0.00031205989527645405], [0.0005470323330644135, 0.00025249419073804116], [0.00038006220428494933, 0.0002974667093616242]], "R": [[0.0, 0.0], [30266.650523539385, 8300.653828786131], [328575.9631123889, 70508.79558007637], [93719.43332464824, 46688.66603649055], [43778.09117555202, 34263.99286944045]], "D": [[0.0, 0.0], [2.7119789655120536, 0.7342584831722327], [30.302897850738553, 8.200951916486114], [9.891436465843872, 10.314202681401415], [5.454014799365782, 12.654490111568837]], "IH": [[0.0, 0.0], [1.0191803125603128e-07, 2.3125246032982157e-07], [6.18813782584525e-05, 0.00011160832182916451], [6.172567874425779e-05, 0.00024103466475218098], [6.0093118246034196e-05, 0.00038426482713343075]], "ICU": [[0.0, 0.0], [7.397888951599476e-08, 1.6945729424041618e-07], [4.516401394997221e-05, 8.157470620001546e-05], [5.126984920824201e-05, 0.00020021757467535264], [2.8819364151668787e-05, 0.00018402817601542078]], "IYIH": [[0.0, 0.0], [3.4538565113572606e-09, 7.692332409628293e-09], [2.078767323388384e-06, 3.734129696751677e-06], [1.499108121514837e-06, 5.842637826386386e-06], [1.1803971832110971e-06, 7.577069517053888e-06]], "IYICU": [[0.0, 0.0], [7.18061024863108e-10, 1.5992415335157798e-09], [4.3217134320590395e-07, 7.762151310750028e-07], [3.116556446245162e-07, 1.2143433317015048e-06], [2.453959942935861e-07, 1.574765273521093e-06]], "IHICU": [[0.0, 0.0], [1.6443097081485438e-09, 3.732202704512599e-09], [9.985321176260988e-07, 1.8010690388264265e-06], [9.289996574084921e-07, 3.627773257831198e-06], [8.67070669256135e-07, 5.544250483078587e-06]], "ToICU": [[0.0, 0.0], [2.3623707330116522e-09, 5.331444238028379e-09], [1.430703460832003e-06, 2.5772841699014293e-06], [1.2406553020330086e-06, 4.842116589532703e-06], [1.112466663549721e-06, 7.11901575659968e-06]], "ToIHT": [[0.0, 0.0], [4.171917536220369e-09, 9.291573943144073e-09], [2.5109386665942883e-06, 4.5103448278266795e-06], [1.8107637661393532e-06, 7.056981158087891e-06], [1.425793177504683e-06, 9.15183479057498e-06]], "ToICUD": [[0.0, 0.0], [1.025395321648431e-09, 2.3493862242344314e-09], [6.260888521190887e-07, 1.130885577474126e-06], [1.6955194094270091e-06, 6.621346123718539e-06], [1.9932264247317848e-06, 1.2727321925012325e-05]], "ToIYD": [[0.0, 0.0], [1.384608395572494e-07, 3.088069685538914e-08], [1.3661145055570905e-06, 2.663131101600484e-07], [4.608246098783112e-07, 2.12326814430272e-07], [3.0712417648604547e-07, 2.3958447485366597e-07]], "ToIA": [[0.0, 0.0], [0.0004788810310913414, 0.0001062414407580782], [0.004697951426104399, 0.0009156645411500604], [0.0015879095163568023, 0.0007329470347216012], [0.0010642331982009966, 0.0008329534423887701]], "ToIY": [[0.0, 0.0], [7.958081274695762e-05, 1.7655283158047986e-05], [0.00078070912911939, 0.00015216582753805672], [0.00026388000709136355, 0.00012180169381670927], [0.00017685507958442216, 0.0001384208344494457]]}