{"v_beta_reduct": 0.7, "v_tau_reduct": 0.9, "v_pi_reduct": 0.95, "S": [[0.0, 0.0], [18719.26995144519, 3794.0527213372643], [170024.11807622435, 30550.411438021256], [60234.62695253573, 24645.381098787104], [57962.25134095911, 45375.39826496611]], "E": [[0.0, 0.0], [0.0001067916552212148, 2.1659472699902987e-05], [0.0009579502270830127, 0.00017218191782480497], [0.00033952310741769333, 0.00013894960170982384], [0.0002494482503717959, 0.00019527913143401997]], "IA": [[0.0, 0.0], [0.002093334876669566, 0.0004282655784768004], [0.023048976448098106, 0.004155381195964049], [0.007338236065754294, 0.0030097430432817463], [0.00389904321787602, 0.0030523503169654935]], "IY": [[0.0, 0.0], [0.000126534649209609, 2.5891244646633555e-05], [0.0013946962808810994, 0.0002536556552512479], [0.0004445796232661805, 0.00018544918502009963], [0.0002363220261478143, 0.000188623125458039]], "PA": [[0.0, 0.0], [0.0005783217926216518, 0.00011749180047203882], [0.006174812061182976, 0.00111055187715201], [0.0019924337835251294, 0.0008157365719761297], [0.0011119183259442717, 0.0008704593162683687]], "PY": [[0.0, 0.0], [3.4956884601732904e-05, 7.101837356210195e-06], [0.0003732389050768076, 6.712773806751277e-05], [0.00012043343124170981, 4.9307512834188094e-05], [6.721033359366218e-05, 5.26152502940583e-05]], "R": [[0.0, 0.0], [16803.704076874186, 894.5135435934952], [226497.98239867444, 52148.94716412983], [63926.25301780568, 32434.365935041158], [29194.437404425404, 22855.32098108377]], "D": [[0.0, 0.0], [0.44146498417419106, 0.01603235750486151], [5.920630664905857, 2.4320677379273], [1.9338952251890233, 2.626995908075553], [1.1435203269787426, 2.5899781350754254]], "IH": [[0.0, 0.0], [4.3492900441224355e-09, 8.990402748176135e-09], [2.9366177355518157e-06, 4.888788473302677e-06], [2.319930806080258e-06, 8.04919906639075e-06], [1.614338316034573e-06, 1.0357238321059694e-05]], "ICU": [[0.0, 0.0], [5.717589066025605e-09, 1.2100492972251623e-08], [3.983441716053326e-06, 6.70781075592769e-06], [6.09804385180021e-06, 2.1611293148796033e-05], [4.279328344705478e-06, 2.7414210719619893e-05]], "IYIH": [[0.0, 0.0], [5.09879001881293e-10, 1.0421618462888213e-09], [3.427599749578686e-07, 5.684578681856622e-07], [2.3314955976079092e-07, 8.0609530407499e-07], [1.4613930373875826e-07, 9.376679826687324e-07]], "IYICU": [[0.0, 0.0], [1.060044738020322e-10, 2.1666623037137423e-10], [7.125911658376633e-08, 1.1816613605807452e-07], [4.8470462144369875e-08, 1.675415266561755e-07], [3.0381341807492065e-08, 1.9488013340756773e-07]], "IHICU": [[0.0, 0.0], [8.841737226139988e-11, 1.8290339551420867e-10], [5.971675776619164e-08, 9.943943809880108e-08], [4.4209704056016064e-08, 1.534197035509442e-07], [2.9588488787771323e-08, 1.8983249580112124e-07]], "ToICU": [[0.0, 0.0], [1.9442184606343207e-10, 3.9956962588558285e-10], [1.3097587434995795e-07, 2.1760557415687562e-07], [9.268016620038593e-08, 3.209612302071197e-07], [5.99698305952634e-08, 3.847126292086889e-07]], "ToIHT": [[0.0, 0.0], [6.158834756833253e-10, 1.2588280766601956e-09], [4.140190915416349e-07, 6.866240042437367e-07], [2.8162002190516077e-07, 9.736368307311655e-07], [1.765206455462503e-07, 1.1325481160763e-06]], "ToICUD": [[0.0, 0.0], [3.2671374524065467e-11, 6.918156140486477e-11], [2.2776058197501736e-08, 3.836230873847428e-08], [8.327279760980403e-08, 2.951716370103118e-07], [1.2206082155394997e-07, 7.819371846145023e-07]], "ToIYD": [[0.0, 0.0], [9.855078831856841e-09, 2.017033902962518e-09], [1.0856734302865614e-07, 1.9486691451950342e-08], [3.453030235944957e-08, 1.4038776489277813e-08], [1.8317227805578103e-08, 1.4195807163947902e-08]], "ToIA": [[0.0, 0.0], [0.00027231361922736203, 5.533630732024622e-05], [0.0029713903386433217, 0.0005344491148306176], [0.0009481434703187241, 0.0003882068476742972], [0.0005081615555426801, 0.0003978115899169804]], "ToIY": [[0.0, 0.0], [1.6460102116606178e-05, 3.3448245145854026e-06], [0.00017960683913326547, 3.2304983611182596e-05], [5.73108990542601e-05, 2.346531316801159e-05], [3.071602191509306e-05, 2.4045875530506758e-05]]}