{"v_beta_reduct": 0.7, "v_tau_reduct": 0.75, "v_pi_reduct": 0.95, "S": [[0.0, 0.0], [9520.739015597354, 1940.913661015219], [64790.85731061884, 12035.249619176397], [25231.763049642897, 11397.603945169922], [36537.23708385247, 28587.895050417457]], "E": [[0.0, 0.0], [4.552234559131757e-05, 9.287577854480684e-06], [0.00028876570275251554, 5.366617391277525e-05], [0.00011328814042674188, 5.1187788935117786e-05], [0.0001336459244267423, 0.00010456960011344104]], "IA": [[0.0, 0.0], [0.0016826408536287098, 0.0003507034757345831], [0.012851663860012125, 0.0024078647706543208], [0.0045513206793073874, 0.0020656964633324775], [0.003920703677372599, 0.0030678043192278594]], "IY": [[0.0, 0.0], [0.0002796310326379081, 5.8298308828897896e-05], [0.002139718683944728, 0.0004071428986967035], [0.0007593925742768345, 0.0003550646072950373], [0.000654659625536672, 0.000529897926250797]], "PA": [[0.0, 0.0], [0.0002753110174138952, 5.6309151863570566e-05], [0.002044673555771602, 0.0003804279541446299], [0.000730398883538617, 0.00033021888115661503], [0.0006522360216900608, 0.0005103300349478311]], "PY": [[0.0, 0.0], [4.575139356440822e-05, 9.357497540010272e-06], [0.000339785401396447, 6.321980579079853e-05], [0.0001213782401215777, 5.487602398229457e-05], [0.00010838907649076807, 8.480703204672407e-05]], "R": [[0.0, 0.0], [32927.06564448474, 9021.206024826613], [346559.31682017987, 73467.54572244757], [101440.59385075448, 50099.56579486812], [51973.67416599419, 40681.12454598741]], "D": [[0.0, 0.0], [3.1868109302444063, 0.8670144726697427], [34.390434754265314, 8.809634706071197], [11.202504320591562, 10.563155364103626], [6.603866790066185, 14.073643296559903]], "IH": [[0.0, 0.0], [5.827186818750699e-08, 1.292237648695979e-07], [2.8309142584869184e-05, 4.976839036167355e-05], [3.2887344864666296e-05, 0.00012750621897381659], [4.3569648676866415e-05, 0.0002791737893966987]], "ICU": [[0.0, 0.0], [5.8653724702444134e-08, 1.335986141555755e-07], [2.9098108431060437e-05, 5.144518293263041e-05], [4.692245801984262e-05, 0.00018222647580857574], [3.845982580990638e-05, 0.0002456712168344934]], "IYIH": [[0.0, 0.0], [1.201477893524734e-09, 2.5027248809516453e-09], [5.602789926352299e-07, 9.691904346432485e-07], [4.242515591858462e-07, 1.634232590000671e-06], [4.3161559925673756e-07, 2.788982636688608e-06]], "IYICU": [[0.0, 0.0], [2.497887346326702e-10, 5.203183330417999e-10], [1.1648082115440236e-07, 2.014660285950096e-07], [8.819937085486091e-08, 3.3966155477824645e-07], [8.972974574888275e-08, 5.796426962726621e-07]], "IHICU": [[0.0, 0.0], [9.46866948414888e-10, 2.101174620708064e-09], [4.6020171154790556e-07, 8.091866246382552e-07], [4.979962170516131e-07, 1.930847124917818e-06], [6.319387312928296e-07, 4.048985773032441e-06]], "ToICU": [[0.0, 0.0], [1.1966556830475582e-09, 2.6214929537498636e-09], [5.766825327023079e-07, 1.0106526532332648e-06], [5.861955879064741e-07, 2.270508679696064e-06], [7.216684770417124e-07, 4.628628469305104e-06]], "ToIHT": [[0.0, 0.0], [1.4512666281574043e-09, 3.023043213993445e-09], [6.767598137896324e-07, 1.1706564632382579e-06], [5.124509300407072e-07, 1.9738941447789177e-06], [5.213453450056203e-07, 3.3686253329612695e-06]], "ToICUD": [[0.0, 0.0], [6.048315391632208e-10, 1.3782317215228675e-09], [3.0015064487895265e-07, 5.307128447073275e-07], [1.1517652434192103e-06, 4.473035871745206e-06], [1.9740489051883834e-06, 1.260918635459669e-05]], "ToIYD": [[0.0, 0.0], [4.8165764066885533e-08, 1.0047133202976366e-08], [3.6820150595319813e-07, 6.912135891041521e-08], [1.3041458214136417e-07, 5.9389510386199306e-08], [1.123008317587201e-07, 8.818672428477874e-08]], "ToIA": [[0.0, 0.0], [0.00013305354341041373, 2.7221218879516958e-05], [0.0010041432214187537, 0.0001868498278687014], [0.0003554205092061024, 0.00016069880020096338], [0.0003068753720795223, 0.00024010881599222697]], "ToIY": [[0.0, 0.0], [2.2110938700855917e-05, 4.523642787558212e-06], [0.00016686928169349556, 3.105084603065881e-05], [5.906404963483332e-05, 2.6705048429897692e-05], [5.0996781949075136e-05, 3.990146504827094e-05]]}