{"v_beta_reduct": 0, "v_tau_reduct": 0, "v_pi_reduct": 0, "S": [[4045.7474051336512, 303.47653676106296], [1360.1395162818123, 105.48362199769124], [706.3390284945965, 128.98726517447415], [205.72195481975228, 181.7711315054191], [163.4092683159425, 128.60739377954937]], "E": [[0.00013166874054552888, 9.876635731075269e-06], [5.0164353500923706e-05, 3.890422739069678e-06], [2.6163280541573564e-05, 4.7777764910465036e-06], [7.804430562031483e-06, 6.895813211861083e-06], [4.9233423452987465e-06, 3.874799968439684e-06]], "IA": [[0.0015617337654190364, 0.00011714758906371384], [0.0006802776242859428, 5.275793114723767e-05], [0.00043441855930058843, 7.930833387543922e-05], [0.00011557287253711438, 0.0001020557674361584], [5.3087249761364926e-05, 4.17810623907374e-05]], "IY": [[0.0020715401583900417, 0.00015629363569953105], [0.0009022106779357773, 7.028280794730673e-05], [0.0005937323438076636, 0.00014440103228230641], [0.0001637356343558317, 0.000279798488048974], [7.615221990149416e-05, 0.00013341442326009624]], "PA": [[0.000324308894004734, 2.4326812857491295e-05], [0.00013859554606644487, 1.0748573963795775e-05], [8.664726110130528e-05, 1.582298673168256e-05], [2.3341926514240525e-05, 2.0624382501647192e-05], [1.118444495386568e-05, 8.802452463139528e-06]], "PY": [[0.0004298978362388334, 3.2247170532023356e-05], [0.00018371967734389215, 1.4248109672938584e-05], [0.0001148579972738232, 2.0974656830369906e-05], [3.094162351887694e-05, 2.7339297734741626e-05], [1.4825892148147516e-05, 1.1668367218580304e-05]], "R": [[110666.64274095329, 8077.651422449377], [229019.69906831346, 19731.33803544189], [303524.3484658474, 32524.919429174137], [65268.02958808787, 19818.940293232252], [10042.647509404718, 7548.359522058138]], "D": [[130.89927928896475, 10.302222422553053], [370.4847150892333, 35.999329095717584], [849.1427740883727, 286.29000069037653], [353.3721864583088, 656.8342538888311], [81.73448198330074, 469.7908305942438]], "IH": [[6.909010757364766e-06, 5.199638233721225e-06], [2.325949839265853e-06, 1.8084293708881716e-06], [9.329207170825149e-05, 0.00019967198161837763], [7.716331039950575e-05, 0.0009555159644478734], [5.0491197552418524e-05, 0.0006039999911666817]], "ICU": [[5.0856919448426985e-06, 3.82557591060915e-06], [1.7236328034649334e-06, 1.3395809542280255e-06], [6.956227834286065e-05, 0.00014374556244033706], [6.67595482958995e-05, 0.0007483721936308212], [2.420935337413018e-05, 0.0002758108203951369]], "IYIH": [[2.2909787749270875e-07, 1.7250170519547218e-07], [7.675481924693129e-08, 5.969975468536322e-08], [3.0790792524021153e-06, 6.839178533562347e-06], [1.812688754026909e-06, 2.574340631621332e-05], [9.948451191068372e-07, 1.4057129672647997e-05]], "IYICU": [[4.762941147119217e-08, 3.5860829458122694e-08], [1.595734016985391e-08, 1.2410991022059583e-08], [6.399353880915976e-07, 1.417657248209357e-06], [3.7659764155067935e-07, 5.321433324738e-06], [2.066593759890779e-07, 2.9033502436210624e-06]], "IHICU": [[1.1151129374520275e-07, 8.392131515956058e-08], [3.754403808297735e-08, 2.9190346438007295e-08], [1.505858192135514e-06, 3.2208094919424833e-06], [1.1618375133333266e-06, 1.4360459877805836e-05], [7.285030485283227e-07, 8.69803372570221e-06]], "ToICU": [[1.5914070521639495e-07, 1.1978214461768327e-07], [5.3501378252831253e-08, 4.160133746006687e-08], [2.1457935802271114e-06, 4.63846674015184e-06], [1.538435154884006e-06, 1.9681893202543836e-05], [9.351624245174006e-07, 1.1601383969323274e-05]], "ToIHT": [[2.7672728896390097e-07, 2.0836253465359484e-07], [9.271215941678519e-08, 7.211074570742278e-08], [3.7190146404937127e-06, 8.256835781771704e-06], [2.1892863955775886e-06, 3.106483964095132e-05], [1.2015044950959152e-06, 1.696047991626906e-05]], "ToICUD": [[7.051538788378062e-08, 5.304277273032597e-08], [2.390218607193944e-08, 1.8576255979807263e-08], [9.647430236291008e-07, 1.9920459885877364e-06], [2.2091415991547482e-06, 2.4721011289416917e-05], [1.6743609839871608e-06, 1.9040001952551043e-05]], "ToIYD": [[3.5284893327646947e-07, 2.6449278566507398e-08], [1.537676498587841e-07, 1.1918884417978223e-08], [9.785852196934109e-08, 1.7005148839583114e-08], [2.5908026242921156e-08, 1.8919701442005556e-08], [1.187036749557406e-08, 7.001737227946829e-09]], "ToIA": [[0.00015268712297715703, 1.1453250697342392e-05], [6.62391093454276e-05, 5.137076813088582e-06], [4.22507126780979e-05, 7.71556372855821e-06], [1.1260007017751705e-05, 9.949079858308147e-06], [5.204528545091822e-06, 4.096100906231317e-06]], "ToIY": [[0.00020239920952785936, 1.518221604066317e-05], [8.780533099277616e-05, 6.809613449908119e-06], [5.600675866631581e-05, 1.022760773320507e-05], [1.4926055814228987e-05, 1.3188315161013121e-05], [6.8990262109356634e-06, 5.429715154771746e-06]]}