{"v_beta_reduct": 0.7, "v_tau_reduct": 0.85, "v_pi_reduct": 0.95, "S": [[0.0, 0.0], [-3.2237705930847457e-13, 6.988442292391759e-13], [-3.979847515388065e-12, 0.0], [0.0, 1729.4926435464063], [559.9520594434379, 438.4854759522263]], "E": [[0.0, 0.0], [1.0243735026483175e-10, 3.698381280386945e-11], [5.627272937705731e-10, 6.139581244787113e-50], [2.2182765851336765e-10, 1.2884822711527244], [0.2841663359782811, 0.22252406965854415]], "IA": [[0.0, 0.0], [0.013926529622437674, 0.005027753227915349], [0.07510000979827458, 4.4551493491649e-08], [0.030160520574024803, 16.418722678639167], [2.590316019345466, 2.0284164214670675]], "IY": [[0.0, 0.0], [0.0013020716750386302, 0.00047016690470624785], [0.007030986886897586, 4.471312383454233e-09], [0.0028280834393968396, 1.5475387897747757], [0.24244322348336225, 0.19140939192894837]], "PA": [[0.0, 0.0], [0.00031235195560056574, 0.00011275007637884246], [0.0016475681488888829, 9.122844465613462e-15], [0.0006636019983645988, 6.472915925859682], [1.102168712570653, 0.8630827663917413]], "PY": [[0.0, 0.0], [2.9202943907980694e-05, 1.054142321529908e-05], [0.000154037262689994, 8.529285968397491e-16], [6.204261439056663e-05, 0.6051769400339015], [0.10304584464165209, 0.0806928119480524]], "R": [[0.0, 0.0], [8245.55499310661, 4388.354228588317], [51521.995484729436, 1728.9510256881647], [12598.006919861304, 2598.6685147578055], [1934.9215205381656, 1514.7001345604417]], "D": [[0.0, 0.0], [0.9641998908320771, 0.537199871106919], [10.01925128439297, 0.2713491676992136], [2.5974933850456874, 0.463050998964934], [0.47658790922003486, 0.9231181229455475]], "IH": [[0.0, 0.0], [5.6755324931280755e-08, 2.047260360460385e-07], [1.9029592015404124e-05, 9.831466857255543e-10], [1.8958081175853322e-05, 0.024562387947195587], [0.0005400251841324099, 0.003598804973177735]], "ICU": [[0.0, 0.0], [4.560241129902345e-08, 1.6490100404097267e-07], [1.565234363234263e-05, 5.341226559926728e-08], [1.9226452414308858e-05, 0.010210018441900818], [0.00021713549183437463, 0.0014465908720024323]], "IYIH": [[0.0, 0.0], [4.174044623350322e-09, 1.5054171209483628e-08], [1.3769880715228118e-06, 8.210439026315646e-12], [1.185940510954444e-06, 0.0051080853234669685], [0.00010875643134757134, 0.0007254526647768403]], "IYICU": [[0.0, 0.0], [8.677890864791142e-10, 3.129775547957802e-09], [2.8627421560878055e-07, 1.706773066442851e-12], [2.4655232973889323e-07, 0.0010617453129332167], [2.260992679530348e-05, 0.00015078449340784908]], "IHICU": [[0.0, 0.0], [9.184676016064699e-10, 3.3130875033397684e-09], [3.0815064033593005e-07, 1.6467026055563035e-11], [2.8591812096946983e-07, 0.0003404950054666244], [7.178521874061957e-06, 4.7832907436330734e-05]], "ToICU": [[0.0, 0.0], [1.7862566880855843e-09, 6.44286305129757e-09], [5.944248559447106e-07, 1.8173799122005883e-11], [5.324704507083631e-07, 0.0014022403183998411], [2.9788448669365437e-05, 0.0001986174008441798]], "ToIHT": [[0.0, 0.0], [5.041833709829436e-09, 1.818394675744143e-08], [1.663262287131592e-06, 9.917212092758499e-12], [1.4324928406933377e-06, 0.0061698306364001846], [0.00013136635814287482, 0.0008762371581846893]], "ToICUD": [[0.0, 0.0], [2.599165836933375e-10, 9.399237132869312e-10], [8.926977484947224e-08, 3.1078069581273807e-10], [2.60825883919991e-07, 0.00013013723185949716], [5.777227672966993e-06, 3.848612033681674e-05]], "ToIYD": [[0.0, 0.0], [1.0810315179845486e-07, 3.902786708931482e-08], [5.830902059489541e-07, 3.6906596288994124e-13], [2.341931236816661e-07, 0.00011418050776294773], [1.81593296196639e-05, 1.4003173399311367e-05]], "ToIA": [[0.0, 0.0], [0.00017011531060595074, 6.140673659533697e-05], [0.0008973100936907866, 4.9685495467969896e-15], [0.000361415567081395, 3.0317008704830073], [0.4944654884649868, 0.3872044604443871]], "ToIY": [[0.0, 0.0], [1.590471192652682e-05, 5.741143771351886e-06], [8.389285184315178e-05, 4.645281424288052e-16], [3.379008308962194e-05, 0.28344496930158253], [0.04622941417578609, 0.036201182469103456]]}