{"v_beta_reduct": 0.75, "v_tau_reduct": 0.95, "v_pi_reduct": 0.95, "S": [[0.0, 0.0], [-220230.20551708472, -88677.02519109186], [-6423777.069432238, -1762790.5547265164], [-2244758.478068704, -1361644.5026377277], [-727871.9724972305, -567903.780333327]], "E": [[0.0, 0.0], [-54.49499491381704, -22.03360140503358], [-1735.8663762016815, -477.38192513582385], [-600.8451412399583, -365.00785335816397], [-134.21808271232806, -104.72024200203069]], "IA": [[0.0, 0.0], [-229.96022490174462, -95.07860729965299], [-10096.402364849033, -2800.256147697986], [-3101.1652660679897, -1894.119417381118], [-482.73624296356223, -376.6424138468185]], "IY": [[0.0, 0.0], [-6.746207306342846, -2.7895604001062786], [-296.40233209432773, -82.67633923336072], [-91.11716500237696, -56.240395478749655], [-14.18823453963561, -11.204386883177445]], "PA": [[0.0, 0.0], [-170.78181734578598, -69.46249918241902], [-6679.295478442282, -1841.8326179498192], [-2110.390521910392, -1284.101126020277], [-366.5780349852202, -286.013141277496]], "PY": [[0.0, 0.0], [-5.010068753839325, -2.03775731003494], [-195.94433467380867, -54.032145765897965], [-61.910581445647225, -37.67049108757377], [-10.753961911558193, -8.390503887193661]], "R": [[0.0, 0.0], [9790.16833413436, -16622.051028144888], [-5307953.197180475, -2253949.7920603356], [-1861589.8864664044, -1491999.0003660321], [-285516.6220128762, -222719.22084962655]], "D": [[0.0, 0.0], [0.1680856897360149, -0.007751295664460494], [-11.775318058458202, -42.77818973804081], [-17.636127411293266, -108.7780326685826], [-4.926915479242137, -28.095073104138006]], "IH": [[0.0, 0.0], [-0.00014567859883518922, -0.000628588719783759], [-0.40937257080452394, -1.0139649538181044], [-0.29337550858898276, -1.4051210115260127], [-0.058532758176348273, -0.34111078186295973]], "ICU": [[0.0, 0.0], [-0.00011159272410729046, -0.0005252035848139266], [-0.3258413998523837, -0.8263295565333744], [-0.20060043578421322, -0.9726248632180851], [-0.027004469331646755, -0.15730785045437032]], "IYIH": [[0.0, 0.0], [-3.619353445281675e-05, -0.00014976711142021865], [-0.09792117043016581, -0.23907766487630466], [-0.0637072673183014, -0.30160732867970913], [-0.011549123385833563, -0.06712618346959638]], "IYICU": [[0.0, 0.0], [-7.524679527955881e-06, -3.113665539299512e-05], [-0.020357460846896318, -0.049694384180359034], [-0.013244164963982097, -0.06268070023723596], [-0.0024009370622546902, -0.013949615243591064]], "IHICU": [[0.0, 0.0], [-2.656095359400091e-06, -1.153570403456828e-05], [-0.007511739503340234, -0.018646024249447748], [-0.0050662696203087505, -0.02430313148207429], [-0.000978231549776687, -0.00570274838903994]], "ToICU": [[0.0, 0.0], [-1.0180774887355972e-05, -4.26723594275634e-05], [-0.02786920035023655, -0.06834040842980676], [-0.018310434584290845, -0.08698383171931026], [-0.003379168612031377, -0.019652363632631006]], "ToIHT": [[0.0, 0.0], [-4.3718213980772626e-05, -0.00018090376681321376], [-0.11827863127706213, -0.28877204905666376], [-0.07695143228228352, -0.3642880289169451], [-0.013950060448088254, -0.08107579871318744]], "ToICUD": [[0.0, 0.0], [-2.0129902076461055e-06, -9.529561196205613e-06], [-0.005898232790162565, -0.014982566417974212], [-0.00868750595262716, -0.04216771093441067], [-0.0024421480950475526, -0.014227977115987066]], "ToIYD": [[0.0, 0.0], [-1.1718420206548651e-05, -4.858781676431044e-06], [-0.0005218545362327803, -0.00014298498648011764], [-0.0001595618549825481, -9.518575804234835e-05], [-2.4522655466478556e-05, -1.8625295666563097e-05]], "ToIA": [[0.0, 0.0], [-72.18150176933392, -29.40065616526108], [-2957.0296329737193, -815.8227604689588], [-916.6715615857518, -557.9529585523078], [-149.16369141245434, -116.38115306814235]], "ToIY": [[0.0, 0.0], [-2.1175221826310016, -0.8624999492639648], [-86.74765263999082, -23.93304032255824], [-26.89154864147602, -16.36815164049489], [-4.375877720283019, -3.414166610851323]]}