{"v_beta_reduct": 0.7, "v_tau_reduct": 0.7, "v_pi_reduct": 0.95, "S": [[1591.2824785593102, 100.80141674677562], [255573.05940421918, 92657.36201690164], [5939551.786708829, 1530660.43750792], [2066537.7159577063, 1202544.1828777257], [753686.3693520628, 588230.1155582704]], "E": [[0.41736928521486605, 0.026438684409029314], [75.93583348727377, 27.628521522541114], [1925.7956371250996, 497.45235377651284], [663.722585975523, 386.8526351252684], [166.78497815792363, 130.17077598694917]], "IA": [[1.3380274931995695, 0.08475872057786012], [274.3874899176407, 101.76944882256011], [9556.27476490946, 2491.229140646473], [2923.1647385368424, 1713.793134527993], [512.0384496169421, 399.6309894956837]], "IY": [[0.27600278089495983, 0.017486149096398864], [56.59926861565232, 20.9947119717428], [1972.6177876490103, 517.1755925265995], [603.9040212125806, 357.8007177598342], [105.81830977157031, 83.59101049891775]], "PA": [[1.0125134388095032, 0.06413869974836371], [203.26603973945294, 74.33554127380535], [6323.096448967828, 1638.0854933477135], [1989.3755803848092, 1161.5360199935863], [388.75153913828865, 303.4091780034657]], "PY": [[0.2088537973901388, 0.01323005748729818], [41.92821808859645, 15.333386680121485], [1304.2816559390812, 337.89218258438973], [410.353708378531, 239.59307529421372], [80.18879757858546, 62.58500535415273]], "R": [[1502.9531417944056, 95.17840618495401], [19707.68218366975, 24715.95094428722], [6313768.126046003, 2603746.358237504], [2202895.7073840667, 1730872.394096154], [378545.72551456507, 295248.6696465777]], "D": [[0.0909972250368566, 0.0059600447804862376], [0.6128726320747863, 0.18641694194845274], [94.51211285434462, 283.74833909086743], [127.29181848074182, 735.6267783605125], [40.28192025696255, 221.72921942998417]], "IH": [[8.369329616827636e-06, 5.28629907221427e-06], [0.001230589912587084, 0.004732532437673103], [2.7227551779004107, 6.346185580207286], [1.9437872669582859, 8.944056962715862], [0.4367300024105925, 2.5459483857402168]], "ICU": [[6.991729423355235e-06, 4.416134461782998e-06], [0.0009559421257049438, 0.003956876884157406], [2.1651586967894128, 5.177554960943345], [1.3286476443230213, 6.196021382549739], [0.20155038905607425, 1.174460800269607]], "IYIH": [[1.925831095992365e-06, 1.216365884319587e-06], [0.00030379952398282403, 0.0011272133223366443], [0.6516642715992604, 1.4956060213372364], [0.42223227284565484, 1.918909589511627], [0.08613846735883196, 0.5008172310466893]], "IYICU": [[4.0038256456046775e-07, 2.528827676986993e-07], [6.31602879706707e-05, 0.00023434819860758182], [0.13547866958824994, 0.31087479562444537], [0.08777827255947117, 0.3987920230223094], [0.01790724991485652, 0.10407574688982943]], "IHICU": [[1.5436474184226853e-07, 9.750152566781028e-08], [2.2459498396056406e-05, 8.685447182259154e-05], [0.04995643413498765, 0.11670995942462434], [0.033565611972468705, 0.1547074594159244], [0.00729921599233704, 0.04256561589948471]], "ToICU": [[5.547473064027363e-07, 3.503842933665095e-07], [8.561978636672713e-05, 0.0003212026704301733], [0.18543510372323763, 0.42758475504906973], [0.1213438845319399, 0.5534994824382338], [0.025206465907193557, 0.14664136278931414]], "ToIHT": [[2.326213660552833e-06, 1.4692486520182863e-06], [0.0003669598119534947, 0.001361561520944226], [0.7871429411875104, 1.8064808169616817], [0.510010545405126, 2.317701612533937], [0.10404571727368846, 0.6048929779365187]], "ToICUD": [[1.2700242375343616e-07, 8.021767930899776e-08], [1.7260850477242804e-05, 7.179867008690193e-05], [0.03919008339455567, 0.09388319224488213], [0.05753871501595253, 0.2686415385827313], [0.018227975986912254, 0.10623062883756583]], "ToIYD": [[4.79450477324261e-07, 3.0361596811712846e-08], [9.836150390952292e-05, 3.656933344084558e-05], [0.0034729359824945544, 0.000894475888624434], [0.0010575271476037055, 0.0006055982283055309], [0.0001829008044058303, 0.0001389602167294216]], "ToIA": [[0.41659134125731334, 0.026389404753074136], [85.93111630028723, 31.464257821308145], [2799.3289369129816, 725.6034643394097], [864.1146692871013, 504.71640923390936], [158.1909067497167, 123.46336684014915]], "ToIY": [[0.08593138643546512, 0.005443411595628076], [17.725236293545382, 6.490214822006865], [577.4249073728828, 149.67212593732097], [178.24319475041523, 104.10917488419601], [32.630452417613455, 25.46711185725633]]}