{"v_beta_reduct": 0.65, "v_tau_reduct": 0.7, "v_pi_reduct": 0.95, "S": [[0.0, 0.0], [0.6290212041581325, 0.874365210591969], [0.4526124316890643, 0.011866817943875702], [0.6184866834430985, 0.12535423697741893], [0.4937503413733641, 0.4099325442503661]], "E": [[0.0, 0.0], [8.119799430829979e-09, 1.128684999638085e-08], [5.867787160955401e-09, 1.538442622500041e-10], [8.212197148261364e-09, 1.664438015401327e-09], [5.206654904548052e-09, 4.322786463535943e-09]], "IA": [[0.0, 0.0], [2.368438173691396e-06, 1.6805851452984307e-06], [1.0884562880840736e-05, 4.922672952289042e-09], [6.270636779005881e-06, 4.748452965690253e-08], [1.0822927592244223e-07, 8.985655041339502e-08]], "IY": [[0.0, 0.0], [4.885714611604514e-07, 3.4681972978680287e-07], [2.2540080785456936e-06, 1.029467903496316e-09], [1.3038190373145387e-06, 1.0060385312005009e-08], [2.2409846814771078e-08, 1.9113943900820585e-08]], "PA": [[0.0, 0.0], [6.075449007002966e-08, 7.293320116694683e-08], [1.0257496906207219e-07, 9.822675706547154e-10], [8.841479967023146e-08, 9.597297978093234e-09], [2.2803376794583297e-08, 1.8932333780068492e-08]], "PY": [[0.0, 0.0], [1.2531987698401777e-08, 1.5044122315498086e-08], [2.1158407369860487e-08, 2.0261490299391596e-10], [1.8237552163582117e-08, 1.9796597759396177e-09], [4.703712221801863e-09, 3.905222046310872e-09]], "R": [[0.0, 0.0], [6417.648291669652, 630.2744964916023], [13321.861971141987, 387.57799755067333], [3527.5858352529826, 226.4040264283836], [326.6345010855116, 255.87914629824746]], "D": [[0.0, 0.0], [0.9568711256790128, 0.08947392045981509], [2.4924221992701194, 0.062291043380428256], [0.6657994590161948, 0.047395995018859834], [0.0794530226215206, 0.13089339963460642]], "IH": [[0.0, 0.0], [2.8066745145822475e-10, 1.124053251279222e-09], [9.925108352505561e-08, 7.249858268554516e-11], [1.8418734108339158e-07, 1.8910529946803466e-09], [7.451929706252067e-10, 5.0544770023930434e-09]], "ICU": [[0.0, 0.0], [3.145698197849465e-10, 9.781512851022358e-10], [1.1285922502526347e-07, 5.302714908234794e-11], [2.318487113579621e-07, 1.572309607667401e-09], [3.5753889008717187e-10, 2.421719045590591e-09]], "IYIH": [[0.0, 0.0], [2.174237714739007e-12, 1.5340492482261188e-11], [6.133171551709458e-10, 2.4245314224442316e-12], [7.560514263586448e-10, 4.580922250269215e-11], [1.4614051449322713e-11, 9.950862513648752e-11]], "IYICU": [[0.0, 0.0], [4.5202670018506213e-13, 3.1892996058661172e-12], [1.2750734330834466e-10, 5.039883798104627e-13], [1.5717858590012065e-10, 9.521063178920366e-12], [3.038155069388051e-12, 2.0681178512098135e-11]], "IHICU": [[0.0, 0.0], [4.5919909678908934e-12, 1.833370194391649e-11], [1.6251800017860508e-09, 1.169948629234181e-12], [2.8021278945613837e-09, 2.846216710979177e-11], [1.0752411756425102e-11, 7.29282313981773e-11]], "ToICU": [[0.0, 0.0], [5.044017668075956e-12, 2.1523001549782606e-11], [1.7526873450943955e-09, 1.6739370090446436e-12], [2.9593064804615046e-09, 3.798323028871214e-11], [1.3790566825813153e-11, 9.360940991027542e-11]], "ToIHT": [[0.0, 0.0], [2.626264414924069e-12, 1.8529792088127308e-11], [7.408244984792905e-10, 2.928519802254695e-12], [9.132300122587654e-10, 5.5330285681612516e-11], [1.7652206518710763e-11, 1.2018980364858565e-10]], "ToICUD": [[0.0, 0.0], [4.397579474566455e-12, 1.3630846295926823e-11], [1.5781580701649048e-09, 7.351359298555929e-13], [7.714585306888388e-09, 5.1998209522299476e-11], [2.4728782083856226e-11, 1.6748796149466865e-10]], "ToIYD": [[0.0, 0.0], [8.7162503245248e-11, 6.158406484932116e-11], [4.0305687546614227e-10, 1.7291432173702243e-13], [2.3240958980837248e-10, 1.6647491380686722e-12], [3.802388365827931e-12, 3.1464303769520386e-12]], "ToIA": [[0.0, 0.0], [3.02039416275205e-08, 3.571168628320176e-08], [5.3729258585754663e-08, 4.789707380896172e-10], [4.5206223582892045e-08, 4.629679404468465e-09], [1.0611239202170117e-08, 8.809902331805218e-09]], "ToIY": [[0.0, 0.0], [6.230246101696027e-09, 7.366343008959595e-09], [1.1082874810813084e-08, 9.879854790509595e-11], [9.324806070777491e-09, 9.549760894621321e-10], [2.188808086334247e-09, 1.8172416148838273e-09]]}