{"v_beta_reduct": 0.7, "v_tau_reduct": 0.85, "v_pi_reduct": 0.95, "S": [[0.0, 0.0], [-1.9557512561123005e-13, 3.3705735731754445e-13], [-2.0056940299971746e-12, 0.0], [0.0, 1502.8546048494236], [1.3832070662122256e-11, 1.8891235747735395e-12]], "E": [[0.0, 0.0], [4.5897444150330115e-12, 1.3164315289207363e-12], [2.6469043201177876e-11, 4.537808646669582e-52], [1.0852217794765314e-11, 0.48346104232517684], [3.063573905388829e-15, 4.1840949407376037e-16]], "IA": [[0.0, 0.0], [0.0021128660407880562, 0.0006059884800612538], [0.010484911303343636, 6.067069780591925e-10], [0.004362923108801979, 2.3626723700039696], [1.0399931450112618e-14, 1.4215135114196239e-15]], "IY": [[0.0, 0.0], [0.00019755067089904382, 5.668754397269209e-05], [0.000983536415547833, 6.50843040012448e-11], [0.0004107881473522458, 0.22357700613481793], [9.741779538325016e-16, 1.3488283357839097e-16]], "PA": [[0.0, 0.0], [2.680898374043329e-05, 7.688263368090554e-06], [0.0001381373641198166, 8.896416948787572e-17], [5.7797357224520386e-05, 1.6013187390634138], [7.882191759348754e-15, 1.0765151969796844e-15]], "PY": [[0.0, 0.0], [2.5064714158633657e-06, 7.188042842774658e-07], [1.291497499425295e-05, 8.317590476996573e-18], [5.403689494474025e-06, 0.14971323366858602], [7.369353695181178e-16, 1.0064740223265503e-16]], "R": [[0.0, 0.0], [6441.34115806451, 3377.1398771049285], [51607.283236971256, 1096.0154385770431], [12477.499209305442, 3063.15527802769], [1805.1086204598744, 1413.053176469301]], "D": [[0.0, 0.0], [0.8659565952818767, 0.48879932298677037], [9.842846905133035, 0.24957513556714855], [2.5712547185780217, 0.8358150611279466], [0.46636147271427786, 0.8902667696912777]], "IH": [[0.0, 0.0], [2.35753741106137e-08, 6.748406105543397e-08], [6.989496666089203e-06, 3.568800392372098e-11], [7.288116046443553e-06, 0.0055888246742308335], [9.85776120938217e-18, 4.000189118551444e-17]], "ICU": [[0.0, 0.0], [6.387714871373641e-08, 1.9483427076131042e-07], [1.86540357046918e-05, 1.1103802411840077e-07], [1.3248362982442346e-05, 0.003871736503185388], [1.816445007445995e-14, 1.0773359769564115e-13]], "IYIH": [[0.0, 0.0], [1.269778786432498e-09, 3.6349822095016625e-09], [3.830624006445388e-07, 2.2223519831359896e-13], [3.394596898635547e-07, 0.0011990586932097563], [7.932616364933312e-19, 8.086394258823558e-19]], "IYICU": [[0.0, 0.0], [2.639885433614426e-10, 7.557145714011662e-10], [7.963730201326293e-08, 4.61935301614569e-14], [7.057060081877939e-08, 0.0002491910221311175], [1.6491046112277583e-19, 1.6804484150311348e-19]], "IHICU": [[0.0, 0.0], [4.831175477844613e-10, 1.3829117691659475e-09], [1.4315984450581473e-07, 7.498403931411248e-13], [1.3923461988576015e-07, 9.667121644665022e-05], [1.764998623247008e-19, 7.40810547405325e-19]], "ToICU": [[0.0, 0.0], [7.471060911459039e-10, 2.1386263405671137e-09], [2.2279714651907765e-07, 7.960339233025816e-13], [2.0980522070453953e-07, 0.0003458622385777677], [3.414103234474766e-19, 9.088553889084385e-19]], "ToIHT": [[0.0, 0.0], [1.5337673297939403e-09, 4.390696780902829e-09], [4.6269970265780167e-07, 2.6842872847505585e-13], [4.1003029068233403e-07, 0.0014482497153408738], [9.58172097616107e-19, 9.766842673854693e-19]], "ToICUD": [[0.0, 0.0], [1.2058938139079568e-09, 3.6795568147334068e-09], [3.5211033083011497e-07, 2.109283164317518e-09], [5.990038294645486e-07, 0.0001678674180295884], [1.7634740583085214e-15, 1.0459247714391516e-14]], "ToIYD": [[0.0, 0.0], [4.1111766545417883e-10, 1.1792699202246338e-10], [2.0414671368653164e-09, 1.3291202606783366e-16], [8.502141134983064e-10, 3.78416901041691e-07], [1.6843600294687555e-21, 2.243706943583407e-22]], "ToIA": [[0.0, 0.0], [1.4600899478364578e-05, 4.187236699649343e-06], [7.52333521801404e-05, 4.845230954624542e-17], [3.1478007273238e-05, 0.695812983934429], [3.2079703341293455e-15, 4.3813052531413756e-16]], "ToIY": [[0.0, 0.0], [1.365092296774381e-06, 3.914803037944438e-07], [7.033845392457088e-06, 4.52998629437286e-18], [2.9429957592803167e-06, 0.06505413901191219], [2.999250558426015e-16, 4.096244933226765e-17]]}