{"v_beta_reduct": 0.6, "v_tau_reduct": 0.8, "v_pi_reduct": 0.95, "S": [[0.0, 0.0], [-1.9317873856787618e-13, 5.11035479096514e-13], [-2.8395052099024577e-12, 0.0], [0.0, 1084.2253531394747], [384.76124779605806, 301.29655370951025]], "E": [[0.0, 0.0], [1.5169276632335484e-15, 6.680525279043039e-16], [8.993527934032519e-15, 3.503860343246202e-51], [4.171994307882939e-15, 8.150421411031191e-06], [2.208194617896501e-06, 1.729179931978901e-06]], "IA": [[0.0, 0.0], [1.084235619298561e-06, 4.788262184674093e-07], [6.227492789586213e-06, 5.234492241887329e-09], [2.918100974969736e-06, 0.00016587253960053956], [3.2458886229059485e-05, 2.5417711929368855e-05]], "IY": [[0.0, 0.0], [1.3951393571748377e-07, 6.164213168348411e-08], [8.038261140191546e-07, 7.427628373627448e-10], [3.780116423733422e-07, 2.1755947707392557e-05], [4.1878275040967335e-06, 3.343594435309095e-06]], "PA": [[0.0, 0.0], [9.099215520498436e-09, 4.007098515884617e-09], [5.2258060741112744e-08, 7.025555896126864e-16], [2.4618358660006627e-08, 4.4956731578325095e-05], [9.249949758536624e-06, 7.2433957426773765e-06]], "PY": [[0.0, 0.0], [1.170779423630723e-09, 5.15586039289894e-10], [6.7239491247029945e-09, 9.039654313295823e-17], [3.1675991955313245e-09, 5.784500451387202e-06], [1.19017412243022e-06, 9.319944860781274e-07]], "R": [[0.0, 0.0], [12288.770118312328, 6489.03094926468], [45519.93260768001, 1645.49162024176], [11376.771299238484, 2412.2102708757916], [1565.123575482785, 1225.2362756615307]], "D": [[0.0, 0.0], [1.1882752134221877, 0.6712553853737759], [10.02610806948847, 0.2881263374345105], [2.5392283505285405, 0.5193532178559491], [0.4634748801570338, 0.891852422238286]], "IH": [[0.0, 0.0], [1.6302545498053932e-11, 7.23969067554214e-11], [5.638784381138888e-09, 2.269576739920958e-10], [7.59938344272459e-09, 9.443052279040294e-07], [2.8645087680235217e-08, 1.8383699975387118e-07]], "ICU": [[0.0, 0.0], [1.9929069355746056e-10, 9.496768937221647e-10], [4.542287137053297e-08, 2.520977765556989e-08], [1.9699372911561787e-07, 2.5551609306500555e-06], [7.655954081891115e-08, 4.905995980871185e-07]], "IYIH": [[0.0, 0.0], [6.015730899457497e-13, 2.653734094766974e-12], [2.111497820923805e-10, 1.7818599365093733e-12], [2.1194954313980244e-10, 9.45669735312249e-08], [2.589843383964466e-09, 1.6622244922606646e-08]], "IYICU": [[0.0, 0.0], [1.2506778788275774e-13, 5.517133109110242e-13], [4.3897619436479616e-11, 3.7039772950284815e-13], [4.406309974513603e-11, 1.965511402508012e-08], [5.384103732747463e-10, 3.4546826466562542e-09]], "IHICU": [[0.0, 0.0], [3.464614871456046e-13, 1.5387764494304207e-12], [1.1980096537965157e-10, 4.896974733926911e-12], [1.5070933911087322e-10, 1.7998703993248412e-08], [5.25056720732298e-10, 3.36966954135915e-09]], "ToICU": [[0.0, 0.0], [4.715292750283623e-13, 2.090489760341445e-12], [1.636985848161312e-10, 5.26737246342976e-12], [1.9477243885600927e-10, 3.7653818018328525e-08], [1.0634670940070444e-09, 6.824352188015405e-09]], "ToIHT": [[0.0, 0.0], [7.266408778285075e-13, 3.2054474056779987e-12], [2.5504740152886015e-10, 2.1522576660122216e-12], [2.560126428849385e-10, 1.1422208755630503e-07], [3.1282537572392128e-09, 2.00769275692629e-08]], "ToICUD": [[0.0, 0.0], [1.1583437947846116e-12, 5.520316338861789e-12], [2.638409668685718e-10, 1.4669385815673488e-10], [2.7106851439014037e-09, 3.490109573635439e-08], [2.1838803422714623e-09, 1.3994331061973405e-08]], "ToIYD": [[0.0, 0.0], [1.1627366890310416e-11, 5.136123201644356e-12], [6.688053593675062e-11, 6.108201985869842e-14], [3.139050237570027e-11, 1.6469573733539725e-09], [3.246132288247995e-10, 2.516521710399492e-10]], "ToIA": [[0.0, 0.0], [4.955679561403235e-09, 2.182374532264979e-09], [2.8461157033773863e-08, 3.826309074463733e-16], [1.3407825779841842e-08, 2.139478809442508e-05], [4.2274936292510735e-06, 3.310440613804738e-06]], "ToIY": [[0.0, 0.0], [6.376382279909348e-10, 2.8080214072032436e-10], [3.66204503594833e-09, 4.92324192425078e-17], [1.7251604276545924e-09, 2.752828264971173e-06], [5.439438755469778e-07, 4.2594834082814913e-07]]}