{"v_beta_reduct": 0, "v_tau_reduct": 0, "v_pi_reduct": 0, "S": [[1028.2826004582753, 77.13275475447728], [187.06121917413142, 14.507694106460196], [96.67762441276092, 15.76199965539751], [42.66201674791714, 28.829581327336168], [59.6518067917446, 46.94754151392315]], "E": [[1.366018807213302e-05, 1.024667670150494e-06], [2.983724790677938e-06, 2.3140534821770061e-07], [1.4369784446583844e-06, 2.3428020586043148e-07], [6.386647434461763e-07, 4.315885315708325e-07], [7.273866644487253e-07, 5.724724440468517e-07]], "IA": [[0.00022327495759451432, 1.674813182609403e-05], [5.6683952705906216e-05, 4.396172500452283e-06], [3.235785235962233e-05, 5.275478244774221e-06], [1.293362417555013e-05, 8.740042868222148e-06], [1.0714921668329641e-05, 8.432925285876801e-06]], "IY": [[0.00029620953211846146, 2.2382235748361987e-05], [7.518630783292619e-05, 5.864165313253455e-06], [4.458622781950523e-05, 1.0586332822653331e-05], [1.8651033162071584e-05, 3.085142989903405e-05], [1.5695291395655738e-05, 3.6393646536375885e-05]], "PA": [[3.649940123283868e-05, 2.7378654104650962e-06], [9.072429560361115e-06, 7.036200953101018e-07], [5.108066022561683e-06, 8.328021646830284e-07], [2.066059954866344e-06, 1.3961750530435685e-06], [1.7803383350077033e-06, 1.4011731142261098e-06]], "PY": [[4.838292721562338e-05, 3.6292634510816402e-06], [1.2026243835827522e-05, 9.327057077366462e-07], [6.771157285721299e-06, 1.1039470555100608e-06], [2.7387306378460853e-06, 1.8507436749647302e-06], [2.3599833743125373e-06, 1.8573690118811221e-06]], "R": [[101801.17368891416, 7439.752504184668], [203747.24877012055, 17535.82797443517], [268839.23834094673, 28874.045092521235], [57971.9533229981, 17747.675388418313], [8966.656116888355, 6749.199541427576]], "D": [[131.76886260198026, 10.274616786423177], [370.5021878241622, 35.841395284717535], [838.6614839891951, 277.88131995162996], [346.1756375582134, 635.5205346146255], [81.33574243486154, 466.36529060343383]], "IH": [[1.7437589164034604e-06, 1.3133483789651296e-06], [3.51328276681982e-07, 2.7332809774436266e-07], [1.2694659914954654e-05, 2.554516764889801e-05], [1.7490569656188896e-05, 0.00018512875183443375], [2.124842038213721e-05, 0.00027686039899370844]], "ICU": [[1.8687796710212034e-06, 1.4063172206703158e-06], [3.9475655602557195e-07, 3.0687650841059064e-07], [1.4567179759625674e-05, 2.781582720827747e-05], [2.910795771812491e-05, 0.00026498756089960606], [1.91772106620881e-05, 0.00022369608158692773]], "IYIH": [[3.312082665731828e-08, 2.4976342071519308e-08], [6.46698766357918e-09, 5.0361022163272846e-09], [2.3371275972655654e-07, 5.066976054406234e-07], [2.087081277493246e-07, 2.865822159777536e-06], [2.0729630444933785e-07, 3.869141695772523e-06]], "IYICU": [[6.885814475420657e-09, 5.192252114259089e-09], [1.344487851505267e-09, 1.0469560506977486e-09], [4.8573308231963685e-08, 1.0503067429489504e-07], [4.336044371006605e-08, 5.923956354683377e-07], [4.306170287170245e-08, 7.991299608541971e-07]], "IHICU": [[2.8359087034791108e-08, 2.1358972159449658e-08], [5.715502663596942e-09, 4.446532606911875e-09], [2.0651970861742635e-07, 4.1525981493781867e-07], [2.6498670893037243e-07, 2.799460659047039e-06], [3.0821388473067295e-07, 4.006923413106054e-06]], "ToICU": [[3.5244901510211765e-08, 2.6551224273708744e-08], [7.059990515102208e-09, 5.4934886576096234e-09], [2.5509301684939e-07, 5.202904892327137e-07], [3.083471526404385e-07, 3.3918562945153765e-06], [3.512755876023754e-07, 4.806053373960252e-06]], "ToIHT": [[4.0006641132738934e-08, 3.016859418577839e-08], [7.811475515084446e-09, 6.083058267025032e-09], [2.8228606795852027e-07, 6.117282797355186e-07], [2.5206857145939066e-07, 3.4582177952458747e-06], [2.503580073210403e-07, 4.668271656626721e-06]], "ToICUD": [[1.9286571924587242e-08, 1.4513613913676491e-08], [4.076170307643167e-09, 3.168711494010683e-09], [1.5044739754297902e-07, 2.8709413553312437e-07], [7.152121610201919e-07, 6.50334121022959e-06], [9.845546946570604e-07, 1.1465004720692681e-05]], "ToIYD": [[5.1011595930833305e-08, 3.829563471696813e-09], [1.2955714109561624e-08, 1.0054433313818174e-09], [7.427800117315635e-09, 1.2598688797044853e-09], [2.9829807454965725e-09, 2.1061897941115197e-09], [2.4734335697371896e-09, 1.927186707554119e-09]], "ToIA": [[1.7375402496814553e-05, 1.3033505176007412e-06], [4.385902993624002e-06, 3.4015248747456223e-07], [2.50886213213523e-06, 4.090365718267795e-07], [1.0054342300363015e-06, 6.794392322189677e-07], [8.376591982212856e-07, 6.592598296361385e-07]], "ToIY": [[2.3032510286475112e-05, 1.7276971977498203e-06], [5.813871410152749e-06, 4.50899808977908e-07], [3.3257009658536764e-06, 5.422112696308471e-07], [1.3327849095830043e-06, 9.006520054995616e-07], [1.1103854488049601e-06, 8.739025648665088e-07]]}