{"v_beta_reduct": 0.65, "v_tau_reduct": 0.7, "v_pi_reduct": 0.95, "S": [[0.0, 0.0], [0.6812179986235549, 0.8490691475678591], [0.5842409568757089, 0.018892452463754046], [0.3484589120508666, 0.06600143732011564], [0.08679746794744672, 0.38793200420255214]], "E": [[0.0, 0.0], [3.803026116699434e-09, 4.740086028939932e-09], [3.0393782640528215e-09, 9.828351037088616e-11], [1.8257949526161767e-09, 3.458222979505533e-10], [3.7043910701253887e-10, 1.6556379882577577e-09]], "IA": [[0.0, 0.0], [1.4897905335235227e-06, 1.1823807422616835e-06], [4.0700006856036125e-06, 4.2633727645399645e-09], [2.5555987679934223e-06, 1.3492477427222434e-08], [1.0516622085954196e-08, 4.700291816667358e-08]], "IY": [[0.0, 0.0], [3.0732238486432544e-07, 2.4402252250022365e-07], [8.433599849873365e-07, 8.948091540258192e-10], [5.319328038258057e-07, 2.8786973736917138e-09], [2.179670231922002e-09, 1.0077829551246871e-08]], "PA": [[0.0, 0.0], [3.045469700949104e-08, 3.5666095768694884e-08], [3.920459319552577e-08, 6.735546815980224e-10], [2.656557484128023e-08, 2.1567953263824368e-09], [1.74799444427052e-09, 7.812474305256928e-09]], "PY": [[0.0, 0.0], [6.2819700707152785e-09, 7.356938934194001e-09], [8.086834060838237e-09, 1.389358872777586e-10], [5.4797506608672086e-09, 4.4488781762532784e-10], [3.6056338959017983e-10, 1.6114995249685577e-09]], "R": [[0.0, 0.0], [6025.191951044155, 601.2922585845994], [12650.180076892164, 341.00636278494795], [3511.059249786895, 199.26437310262313], [286.9052436284684, 225.21041968108875]], "D": [[0.0, 0.0], [0.9903217680135181, 0.09355260636452044], [2.5662236569420274, 0.06220265314707187], [0.6970382136198086, 0.047203402796123936], [0.07904723864347868, 0.12915420690163035]], "IH": [[0.0, 0.0], [2.565792346715983e-10, 1.1683298928384806e-09], [6.471079330351044e-08, 1.0959937068361993e-10], [1.3824731890567523e-07, 1.0364399880654685e-09], [1.45633691862025e-10, 5.329158585669929e-09]], "ICU": [[0.0, 0.0], [3.875453301965544e-10, 1.3445820869507332e-09], [1.0501656666176422e-07, 1.136070834414678e-10], [3.154021723534394e-07, 1.4867214813069253e-09], [1.2872255021085706e-10, 4.695394991967956e-09]], "IYIH": [[0.0, 0.0], [1.3694400980173617e-12, 1.0829019967544098e-11], [2.2947261716345618e-10, 2.1300685576088794e-12], [3.0874064069686706e-10, 1.3249617196138923e-11], [1.437103772412421e-12, 5.3043931130316754e-11]], "IYICU": [[0.0, 0.0], [2.8470828392478835e-13, 2.251361170727809e-12], [4.7706873238153377e-11, 4.4277825863451e-13], [6.418533928089051e-11, 2.7538219495765223e-12], [2.987634282342586e-13, 1.1024280630798022e-11]], "IHICU": [[0.0, 0.0], [4.203176578418204e-12, 1.9099765399059978e-11], [1.0610583975327497e-09, 1.7820182772276575e-12], [2.1052780334440514e-09, 1.5695252618072925e-11], [2.1123293771821903e-12, 7.729273993617996e-11]], "ToICU": [[0.0, 0.0], [4.487884862342993e-12, 2.1351126569787784e-11], [1.108765270770903e-09, 2.224796535862167e-12], [2.1694633727249414e-09, 1.8449074567649448e-11], [2.411092805416449e-12, 8.8317020566978e-11]], "ToIHT": [[0.0, 0.0], [1.65414838194215e-12, 1.3080381138271904e-11], [2.771794904016096e-10, 2.5728468162433894e-12], [3.7292597997775753e-10, 1.6003439145715446e-11], [1.7358672006466797e-12, 6.406821176111478e-11]], "ToICUD": [[0.0, 0.0], [4.015200633846032e-12, 1.38989254678329e-11], [1.0886239433539189e-09, 1.172019035577875e-12], [7.765125807857755e-09, 3.6494905591700887e-11], [6.6071319558466506e-12, 2.409973372337922e-10]], "ToIYD": [[0.0, 0.0], [5.489916129154229e-11, 4.3472859082391676e-11], [1.5080373229273466e-10, 1.5191362606510783e-13], [9.490662031698256e-11, 4.81503234544438e-13], [3.7391593177685635e-13, 1.677231857966677e-12]], "ToIA": [[0.0, 0.0], [1.5222195465539044e-08, 1.7724313159928636e-08], [2.023813363755954e-08, 3.308210536015643e-10], [1.3808073465914551e-08, 1.0495899592631154e-09], [8.224411971821063e-10, 3.675813010522115e-09]], "ToIY": [[0.0, 0.0], [3.1399221044718644e-09, 3.6560404708658595e-09], [4.174572800992372e-09, 6.823932468741557e-11], [2.848227457987198e-09, 2.1650166831603473e-10], [1.6964709857435495e-10, 7.582195715310996e-10]]}