{"v_beta_reduct": 0.15, "v_tau_reduct": 0.3, "v_pi_reduct": 0.95, "S": [[2854.791035922396, 203.54914180052273], [3474.763547221148, 375.4900457594068], [10009.687005083322, 2299.885648542323], [3883.08443950531, 2036.8505822492434], [6420.717159801978, 5014.415643896795]], "E": [[7.897273243972624e-05, 5.630826113531888e-06], [0.00010910790965078127, 1.1771426960158283e-05], [0.00031574406499512405, 7.241093576065093e-05], [0.00012533900771418945, 6.568083608076821e-05], [0.00016452403620488283, 0.00012847686453272311]], "IA": [[0.0013091782514493278, 9.334557429828083e-05], [0.0021341716785671055, 0.00022310768606714353], [0.007495828801384631, 0.0016799220654046916], [0.0026244440766052166, 0.001358576610531152], [0.0024880718507648085, 0.0019425115909377383]], "IY": [[0.0008691829489888563, 6.19914505995041e-05], [0.0014168991468534048, 0.0001481564079249322], [0.004984101823547036, 0.001130734693297316], [0.001748033524762054, 0.0009264216257974921], [0.0016581363556908723, 0.0013300583587474647]], "PA": [[0.00027186877453705004, 1.9384485604388965e-05], [0.00042319278263598046, 4.545578315638079e-05], [0.0014674031025300645, 0.0003351758838189031], [0.0005249461696229394, 0.0002745617984760035], [0.0005226741120557912, 0.0004081365827852082]], "PY": [[0.00018049191520845748, 1.2869234203246584e-05], [0.00028095494221590033, 3.0177799466548937e-05], [0.0009741993975199598, 0.0002225210942491553], [0.000348508355540021, 0.00018227979632599902], [0.00034699995126499285, 0.0002709592288374342]], "R": [[10826.06491658857, 754.8207864818548], [39763.84792421491, 4622.096581045883], [127492.57298583677, 24467.922564187527], [33787.86710748114, 16181.616446389035], [15819.317118891879, 12334.954214002097]], "D": [[2.8473810236382118, 0.19934776732418838], [10.6180503132751, 1.2514267447093872], [35.66806651097425, 8.766740054145302], [10.741492967195864, 10.918658100704718], [5.8575593634469305, 13.644067690559721]], "IH": [[1.4478701340116714e-07, 1.0304077991017389e-07], [1.9844960965746572e-07, 1.9038346597931026e-07], [4.090491625843271e-05, 7.999982304537792e-05], [4.169279792265899e-05, 0.00017531136806640056], [5.596195706041621e-05, 0.0003568752416906582]], "ICU": [[1.063347201288566e-07, 7.567268839323895e-08], [1.5207493336069054e-07, 1.4066261566292753e-07], [3.082840322243026e-05, 5.893637411821943e-05], [3.556776351214864e-05, 0.00014720098667747735], [2.6963784032104494e-05, 0.00017170860439001304]], "IYIH": [[4.806207254878794e-09, 3.4205351699989417e-09], [6.0354279261217614e-09, 6.291706579297277e-09], [1.2928172061498595e-06, 2.6630432738753187e-06], [9.668062428570832e-07, 4.2184156197577465e-06], [1.0814834068278408e-06, 6.925412039933557e-06]], "IYICU": [[9.992163307198793e-10, 7.111311921439956e-10], [1.2547729032366085e-09, 1.3080503990847306e-09], [2.6877397110070946e-07, 5.535679399908637e-07], [2.0099325627037412e-07, 8.767623512557462e-07], [2.248325391700561e-07, 1.4393293292038663e-06]], "IHICU": [[2.3368146425640203e-09, 1.6630433806277271e-09], [3.2077171582571854e-09, 3.0729721807911108e-09], [6.607587207320695e-07, 1.2911071827254128e-06], [6.278656716677489e-07, 2.63883326714773e-06], [8.076004538951158e-07, 5.1499310002244115e-06]], "ToICU": [[3.3360309732838997e-09, 2.374174572771723e-09], [4.462490061493794e-09, 4.3810225798758416e-09], [9.295326918327788e-07, 1.844675122716277e-06], [8.288589279381231e-07, 3.5155956184034768e-06], [1.032432993065172e-06, 6.589260329428278e-06]], "ToIHT": [[5.805423585598673e-09, 4.131666362142938e-09], [7.29020082935837e-09, 7.599756978382007e-09], [1.561591177250569e-06, 3.2166112138661824e-06], [1.1677994991274571e-06, 5.095177971013492e-06], [1.306315945997897e-06, 8.364741369137424e-06]], "ToICUD": [[1.4743140041252584e-09, 1.049189048952857e-09], [2.110807535356994e-09, 1.9505040389672216e-09], [4.277131787928019e-07, 8.171757796692702e-07], [1.1768109055585915e-06, 4.8688361236017455e-06], [1.8652048279255446e-06, 1.1877300255792114e-05]], "ToIYD": [[1.481507104157423e-07, 1.056291426801148e-08], [2.4195284748806623e-07, 2.5257915705143725e-08], [8.496075142629804e-07, 1.899246663482177e-07], [2.9719544794562805e-07, 1.5330109055211366e-07], [2.813880831211059e-07, 2.189792772784107e-07]], "ToIA": [[0.00012799790989189816, 9.126364901288964e-06], [0.00020237161778251868, 2.1724728108232453e-05], [0.0007158316337197258, 0.0001634375926457547], [0.00025328774851320947, 0.0001324469823580069], [0.00024323912702789154, 0.00018993542577209522]], "ToIY": [[8.497698177515371e-05, 6.058934435298331e-06], [0.00013435320381900983, 1.4422906015282431e-05], [0.00047523597646284636, 0.0001085051571807922], [0.00016815609260693921, 8.793069211455033e-05], [0.00016148487801019755, 0.00012609689664403652]]}