{"v_beta_reduct": 0.35, "v_tau_reduct": 0.4, "v_pi_reduct": 0.95, "S": [[5948.818141844673, 418.59676271000524], [8975.112455065673, 643.0224358562726], [28346.196721783508, 7394.892544432299], [10977.155451500299, 6464.237242109064], [15671.1858087717, 12222.325607443032]], "E": [[6.562609061675505e-05, 4.617870041824584e-06], [0.00011117149878413118, 7.953581759030716e-06], [0.0003468043868127858, 9.03013931931163e-05], [0.00013425938142908847, 7.896436741992716e-05], [0.00014624051345469118, 0.000114056506465815]], "IA": [[0.0007999078024191146, 5.6286611651995325e-05], [0.001564276380803495, 0.00010983265360836001], [0.005938273281737879, 0.0015206650291838596], [0.0020499809089875253, 0.0011934891910434621], [0.0016018386298678896, 0.0012493181956729227]], "IY": [[0.0004157671230129861, 2.926207443701745e-05], [0.0008130580565739399, 5.7096360114689144e-05], [0.003089832678607543, 0.0007981865391233589], [0.0010679672284580033, 0.0006323407613099934], [0.0008348469915875672, 0.0006639128559317732]], "PA": [[0.0002237397651350806, 1.574375601033241e-05], [0.0004222819419927292, 3.010568293187718e-05], [0.0015665638066935993, 0.00040640589390451555], [0.0005511914415926823, 0.0003234729887070669], [0.00045528714451516597, 0.0003550897659401097]], "PY": [[0.00011629027306413001, 8.182924856434173e-06], [0.00021948392729713282, 1.5647634593772036e-05], [0.0008142322521112622, 0.0002112322427284868], [0.0002864855213141296, 0.00016812729808178862], [0.00023663860702763945, 0.00018456033427282308]], "R": [[13935.491128889087, 975.4311829775339], [62092.59950408557, 7817.700626395133], [175687.48552337068, 34969.483225314776], [44670.40275196428, 22412.818993844612], [18712.88557348663, 14592.161788566662]], "D": [[1.480156589229169, 0.1038386930517339], [6.748426707974548, 0.8780371859539696], [20.409681463461858, 5.137912379748526], [5.91092645452378, 6.356118735458832], [2.9662092659693915, 7.400763827339909]], "IH": [[1.8850685587415688e-08, 1.3239932471412529e-08], [2.907314787121238e-08, 1.986954390999554e-08], [6.6618190837302485e-06, 1.5384411915938354e-05], [5.672931099900107e-06, 2.7447513504026342e-05], [5.737964144202268e-06, 3.6679612193461925e-05]], "ICU": [[2.6030178242715563e-08, 1.8282261422751426e-08], [4.405075475027155e-08, 2.875545194610561e-08], [9.730585873407802e-06, 2.1313213995164593e-05], [1.6588716193812658e-05, 7.585335644520063e-05], [1.5732967139270055e-05, 0.00010042137191583493]], "IYIH": [[2.178610843531683e-09, 1.5301649554067998e-09], [3.2815739253233195e-09, 2.2983582849277164e-09], [7.601646192513486e-07, 1.788785428300313e-06], [5.604519643708558e-07, 2.7486074395137156e-06], [5.163832125453917e-07, 3.3011719542090083e-06]], "IYICU": [[4.529358483360646e-10, 3.1812219664960973e-10], [6.822432693106961e-10, 4.778304132044549e-10], [1.580367113538986e-07, 3.7183734121558467e-07], [1.1651476310161896e-07, 5.71279703859693e-07], [1.0735246769778867e-07, 6.860987500144328e-07]], "IHICU": [[3.83576746386285e-10, 2.6940825100756845e-10], [5.92493237407408e-10, 4.042881858459606e-10], [1.356703010888966e-07, 3.129245223548975e-07], [1.0820973813738139e-07, 5.231579355044649e-07], [1.0519992399513706e-07, 6.724823375150311e-07]], "ToICU": [[8.365125947223495e-10, 5.875304476571783e-10], [1.274736506718104e-09, 8.821185990504156e-10], [2.9370701244279517e-07, 6.847618635704821e-07], [2.2472450123900034e-07, 1.0944376393641578e-06], [2.125523916929257e-07, 1.358581087529464e-06]], "ToIHT": [[2.6315466918677478e-09, 1.8482871520564096e-09], [3.963817194634016e-09, 2.7761886981321713e-09], [9.182013306052471e-07, 2.160622769515898e-06], [6.769667274724748e-07, 3.3198871433734088e-06], [6.237356802431804e-07, 3.987270704223441e-06]], "ToICUD": [[1.4889239783878944e-10, 1.0457435813286694e-10], [2.524080671379118e-10, 1.646110994433476e-10], [5.5718018305263e-08, 1.2191195975590138e-07], [2.2673170081750254e-07, 1.03625738083715e-06], [4.4887906007414313e-07, 2.8651044828668203e-06]], "ToIYD": [[3.237803569160652e-08, 2.2780844299081082e-09], [6.342714567044761e-08, 4.448317311137891e-09], [2.4077797586096e-07, 6.131942517795945e-08], [8.300498533014027e-08, 4.7869135702730155e-08], [6.472392229320313e-08, 4.9978032036037026e-08]], "ToIA": [[0.00010378214386025195, 7.302773157818241e-06], [0.00019898568348970138, 1.4179239953378037e-05], [0.0007542255777194555, 0.0001955813834396173], [0.00026238472568984974, 0.0001539399296789304], [0.00020810529791969324, 0.00016230652252568133]], "ToIY": [[5.3941479027668935e-05, 3.795666291753556e-06], [0.00010342416983811226, 7.36975693625424e-06], [0.00039201390209734596, 0.00010165476160539381], [0.0001363762556017152, 8.00113312312982e-05], [0.0001081641518062843, 8.435992508173713e-05]]}