{"v_beta_reduct": 0, "v_tau_reduct": 0, "v_pi_reduct": 0, "S": [[11099.224488928801, 832.5666116375893], [8650.899405170832, 645.1278497825455], [1216.8830835451058, 226.11184686525564], [254.63044685407993, 252.52139306173947], [209.24801395235627, 163.84494694042496]], "E": [[9.709753125808815, 0.7283406392812164], [8.604530356728597, 0.6416699475325064], [1.319368976774667, 0.24515498659587096], [0.2732630868018613, 0.2709997025261528], [0.15456137164087738, 0.12102432542707386]], "IA": [[16.209825117120317, 1.215919110966755], [16.52150202523735, 1.2320662454932045], [3.451539268927237, 0.6413383494608883], [0.6319149183888046, 0.6266806160165926], [0.2474750956975401, 0.1937774373948053]], "IY": [[21.494239764785057, 1.6169013476261107], [21.90576887176713, 1.6370634837686133], [4.643780597171176, 0.9807823494209836], [0.8650664879280656, 1.1200397796284283], [0.3410690393087144, 0.36736500693738816]], "PA": [[12.236841168844165, 0.9179006514603076], [12.03240216788305, 0.8972983472270726], [2.260034127488865, 0.41994214353973675], [0.4266585611111201, 0.42312463235463327], [0.18721508972501708, 0.14659277219914998]], "PY": [[16.220928991258543, 1.2167520263543616], [15.949928455100789, 1.1894419951614683], [2.99585919225268, 0.5566674925991859], [0.5655706507752057, 0.5608861405631181], [0.2481688398680458, 0.19432065151980343]], "R": [[114143.77581151262, 8306.359408577528], [246605.59217676145, 21265.003124807437], [338427.80391174566, 36420.6939566661], [72337.14541969559, 21955.86853180686], [11280.558978892808, 8450.355183770149]], "D": [[110.52459089690227, 9.168215512208972], [347.6556313488818, 34.545902284443414], [862.5721826489983, 319.86547292725743], [375.7038780034392, 776.7786876748056], [83.88189457215323, 488.41813196643614]], "IH": [[0.013091227402215216, 0.00982724251855585], [0.009952244686500258, 0.007425787767046748], [0.13174290154223633, 0.25301120830381973], [0.05726840496382467, 0.6117874290430748], [0.02871225226433717, 0.24650384579526183]], "ICU": [[0.01102953126065219, 0.008278264222388004], [0.00841896764645765, 0.0062816559308841525], [0.1097228114562884, 0.2086721314543694], [0.04027636666592937, 0.42062061620069896], [0.01330734374384513, 0.11227982793138107]], "IYIH": [[0.003000935347245436, 0.0022511559502095073], [0.0023590947785557645, 0.0017591822810990342], [0.030772407696895664, 0.05739616617740555], [0.012145540299849034, 0.12302438336452268], [0.005577790972699908, 0.045464746363456425]], "IYICU": [[0.0006238920556086889, 0.00046797134283330956], [0.0004904550540233065, 0.00036570807265919676], [0.0063946280627649905, 0.01188397856320431], [0.002522565580717259, 0.025382894757313715], [0.0011582727470008723, 0.009371097944500004]], "IHICU": [[0.00024159105166590765, 0.00018137486145384542], [0.00018278411730499866, 0.00013639516848152537], [0.0024260576528678415, 0.004679235903607656], [0.0009921277842203807, 0.010673163037076381], [0.0004807828946529633, 0.00415414957521082]], "ToICU": [[0.0008654831072745967, 0.000649346204287155], [0.0006732391713283051, 0.0005021032411407221], [0.00882068571563283, 0.016563214466811964], [0.0035146933649376393, 0.0360560577943901], [0.0016390556416538355, 0.013525247519710822]], "ToIHT": [[0.0036248274028541252, 0.002719127293042817], [0.0028495498325790706, 0.0021248903537582314], [0.037167035759660655, 0.06928014474060985], [0.014668105880566292, 0.14840727812183638], [0.006736063719700781, 0.054835844307956426]], "ToICUD": [[0.0002004499955614274, 0.0001504514408469007], [0.00015287246261892586, 0.00011406537864278848], [0.0019921172814386635, 0.0037910262330644604], [0.0017483866188031535, 0.018277357044899013], [0.0012048942586080546, 0.010184748808135894]], "ToIYD": [[3.731772252152156e-05, 2.781355393902166e-06], [3.8160796075278174e-05, 2.831562949630814e-06], [7.814358393920039e-06, 9.951075975782778e-07], [1.3687844124255914e-06, 3.9062950336336464e-07], [5.222643032820254e-07, 5.718772998222053e-08]], "ToIA": [[5.03672382426189, 0.37781090852814664], [5.095356515288075, 0.37997857085468867], [1.0016534394968701, 0.18611953127137684], [0.18549172828281582, 0.18395533686166904], [0.07621934324176444, 0.05968111244355402]], "ToIY": [[6.676587394951807, 0.5008191113047525], [6.754309799335355, 0.5036925241562152], [1.3277731639842223, 0.24671658796438328], [0.2458843840028024, 0.24384777211895647], [0.10103494336699005, 0.07911217230889718]]}