{"v_beta_reduct": 0.65, "v_tau_reduct": 0.75, "v_pi_reduct": 0.95, "S": [[2148.0, 147.0], [7552.0, 1158.0], [53186.74363186507, 7271.103500666473], [16726.682103837564, 5401.153415206598], [8717.123683270012, 6883.273596937331]], "E": [[1.0, 0.0], [2.0, 2.0], [43.0, 6.0], [11.0, 3.0], [7.0, 2.0]], "IA": [[8.0, 0.0], [37.0, 5.0], [127.0, 21.0], [26.0, 14.0], [16.0, 8.0]], "IY": [[1.0, 0.0], [8.0, 1.0], [34.0, 3.0], [7.0, 3.0], [3.0, 1.0]], "PA": [[4.0, 0.0], [27.0, 3.0], [91.0, 16.0], [31.0, 8.0], [7.0, 5.0]], "PY": [[0.0, 0.0], [5.0, 0.0], [24.0, 4.0], [2.0, 1.0], [0.0, 0.0]], "R": [[376.0, 17.0], [2390.0, 370.0], [11924.0, 2900.0], [2867.0, 1704.0], [1045.0, 803.0]], "D": [[0.0, 0.0], [3.0, 0.0], [2.0, 1.0], [2.0, 3.0], [0.0, 0.0]], "IH": [[0.0, 0.0], [0.0, 0.0], [0.0, 0.0], [0.0, 0.0], [0.0, 1.0]], "ICU": [[0.0, 0.0], [0.0, 0.0], [0.0, 0.0], [0.0, 0.0], [0.0, 0.0]], "IYIH": [[0.0, 0.0], [0.0, 0.0], [0.0, 0.0], [0.0, 0.0], [0.0, 0.0]], "IYICU": [[0.0, 0.0], [0.0, 0.0], [0.0, 0.0], [0.0, 0.0], [0.0, 0.0]], "IHICU": [[0.0, 0.0], [0.0, 0.0], [0.0, 0.0], [0.0, 0.0], [0.0, 0.0]], "ToICU": [[0.0, 0.0], [0.0, 0.0], [0.0, 0.0], [0.0, 0.0], [0.0, 0.0]], "ToIHT": [[0.0, 0.0], [0.0, 0.0], [0.0, 0.0], [0.0, 0.0], [0.0, 0.0]], "ToICUD": [[0.0, 0.0], [0.0, 0.0], [0.0, 0.0], [0.0, 0.0], [0.0, 0.0]], "ToIYD": [[0.0, 0.0], [0.0, 0.0], [0.0, 0.0], [0.0, 0.0], [0.0, 0.0]], "ToIA": [[2.0, 0.0], [10.0, 1.0], [41.0, 8.0], [5.0, 4.0], [3.0, 3.0]], "ToIY": [[0.0, 0.0], [0.0, 0.0], [6.0, 0.0], [0.0, 1.0], [3.0, 1.0]]}