{"v_beta_reduct": 0, "v_tau_reduct": 0, "v_pi_reduct": 0, "S": [[5234.0, 405.0], [2017.7593231396208, 147.6314637236569], [1142.696292283099, 205.64713388511854], [315.253265794021, 289.39226784518905], [196.24887281676195, 167.9838711424785]], "E": [[2.0, 0.0], [4.0, 1.0], [2.0, 0.0], [0.0, 1.0], [0.0, 0.0]], "IA": [[15.0, 2.0], [8.0, 1.0], [5.0, 0.0], [2.0, 2.0], [1.0, 1.0]], "IY": [[22.0, 4.0], [18.0, 3.0], [10.0, 0.0], [6.0, 2.0], [3.0, 1.0]], "PA": [[4.0, 0.0], [5.0, 1.0], [1.0, 0.0], [0.0, 0.0], [0.0, 0.0]], "PY": [[15.0, 1.0], [7.0, 0.0], [5.0, 0.0], [1.0, 1.0], [0.0, 0.0]], "R": [[110516.0, 8097.0], [225976.0, 19196.0], [275925.0, 28986.0], [58188.0, 17751.0], [8381.0, 6254.0]], "D": [[125.0, 9.0], [371.0, 37.0], [771.0, 266.0], [277.0, 597.0], [67.0, 379.0]], "IH": [[0.0, 0.0], [0.0, 0.0], [0.0, 2.0], [0.0, 4.0], [0.0, 1.0]], "ICU": [[0.0, 0.0], [0.0, 0.0], [2.0, 1.0], [0.0, 1.0], [0.0, 0.0]], "IYIH": [[0.0, 0.0], [0.0, 0.0], [0.0, 1.0], [0.0, 1.0], [0.0, 0.0]], "IYICU": [[0.0, 0.0], [0.0, 0.0], [0.0, 0.0], [0.0, 0.0], [0.0, 0.0]], "IHICU": [[0.0, 0.0], [0.0, 0.0], [0.0, 0.0], [0.0, 0.0], [0.0, 0.0]], "ToICU": [[0.0, 0.0], [0.0, 0.0], [0.0, 0.0], [0.0, 0.0], [0.0, 0.0]], "ToIHT": [[0.0, 0.0], [0.0, 0.0], [0.0, 1.0], [0.0, 1.0], [0.0, 0.0]], "ToICUD": [[0.0, 0.0], [0.0, 0.0], [0.0, 0.0], [0.0, 0.0], [0.0, 0.0]], "ToIYD": [[0.0, 0.0], [0.0, 0.0], [0.0, 0.0], [0.0, 0.0], [0.0, 0.0]], "ToIA": [[3.0, 0.0], [1.0, 1.0], [0.0, 0.0], [1.0, 1.0], [0.0, 0.0]], "ToIY": [[2.0, 0.0], [2.0, 1.0], [3.0, 0.0], [1.0, 1.0], [2.0, 0.0]]}