{"v_beta_reduct": 0.15, "v_tau_reduct": 0.3, "v_pi_reduct": 0.95, "S": [[2885.0, 183.0], [4451.9991718563315, 435.0459249342806], [12987.370194479734, 2776.883423583282], [4822.382088349155, 2416.7955853955373], [7298.366766844735, 5791.022874666957]], "E": [[1.0, 0.0], [3.0, 1.0], [8.0, 4.0], [5.0, 1.0], [5.0, 6.0]], "IA": [[3.0, 0.0], [23.0, 5.0], [84.0, 16.0], [18.0, 9.0], [18.0, 13.0]], "IY": [[8.0, 0.0], [32.0, 1.0], [93.0, 12.0], [27.0, 12.0], [20.0, 11.0]], "PA": [[3.0, 2.0], [15.0, 1.0], [42.0, 13.0], [15.0, 3.0], [11.0, 8.0]], "PY": [[2.0, 0.0], [6.0, 1.0], [28.0, 2.0], [6.0, 2.0], [9.0, 6.0]], "R": [[9688.0, 646.0], [37234.0, 4262.0], [123016.0, 23954.0], [32729.0, 15731.0], [14837.0, 11567.0]], "D": [[4.0, 1.0], [14.0, 1.0], [28.0, 4.0], [7.0, 10.0], [3.0, 11.0]], "IH": [[0.0, 0.0], [0.0, 0.0], [0.0, 0.0], [0.0, 0.0], [0.0, 1.0]], "ICU": [[0.0, 0.0], [0.0, 0.0], [1.0, 0.0], [0.0, 0.0], [0.0, 0.0]], "IYIH": [[0.0, 0.0], [0.0, 0.0], [0.0, 0.0], [0.0, 0.0], [0.0, 0.0]], "IYICU": [[0.0, 0.0], [0.0, 0.0], [0.0, 0.0], [0.0, 0.0], [0.0, 0.0]], "IHICU": [[0.0, 0.0], [0.0, 0.0], [0.0, 0.0], [0.0, 0.0], [0.0, 0.0]], "ToICU": [[0.0, 0.0], [0.0, 0.0], [0.0, 0.0], [0.0, 0.0], [0.0, 0.0]], "ToIHT": [[0.0, 0.0], [0.0, 0.0], [0.0, 0.0], [0.0, 0.0], [0.0, 0.0]], "ToICUD": [[0.0, 0.0], [0.0, 0.0], [0.0, 0.0], [0.0, 0.0], [0.0, 0.0]], "ToIYD": [[0.0, 0.0], [0.0, 0.0], [0.0, 0.0], [0.0, 0.0], [0.0, 0.0]], "ToIA": [[1.0, 0.0], [5.0, 0.0], [16.0, 5.0], [1.0, 2.0], [1.0, 4.0]], "ToIY": [[0.0, 0.0], [8.0, 0.0], [18.0, 2.0], [5.0, 2.0], [1.0, 4.0]]}