{"v_beta_reduct": 0.75, "v_tau_reduct": 0.95, "v_pi_reduct": 0.95, "S": [[0.0, 0.0], [35289.43913785801, 9651.724515079939], [446241.9894366636, 97030.6767925491], [138314.8431206062, 71502.4543169483], [105797.7533036836, 82777.30138198071]], "E": [[0.0, 0.0], [31.0, 12.0], [256.0, 48.0], [68.0, 38.0], [28.0, 17.0]], "IA": [[0.0, 0.0], [92.0, 31.0], [911.0, 179.0], [227.0, 109.0], [74.0, 78.0]], "IY": [[0.0, 0.0], [3.0, 4.0], [37.0, 7.0], [6.0, 4.0], [4.0, 3.0]], "PA": [[0.0, 0.0], [77.0, 17.0], [660.0, 140.0], [168.0, 83.0], [55.0, 50.0]], "PY": [[0.0, 0.0], [1.0, 0.0], [31.0, 6.0], [3.0, 2.0], [1.0, 0.0]], "R": [[0.0, 0.0], [4595.0, 2031.0], [58929.0, 14996.0], [14804.0, 8441.0], [6045.0, 4809.0]], "D": [[0.0, 0.0], [3.0, 0.0], [7.0, 1.0], [0.0, 1.0], [0.0, 0.0]], "IH": [[0.0, 0.0], [0.0, 0.0], [0.0, 0.0], [0.0, 1.0], [0.0, 1.0]], "ICU": [[0.0, 0.0], [0.0, 0.0], [0.0, 0.0], [0.0, 0.0], [0.0, 0.0]], "IYIH": [[0.0, 0.0], [0.0, 0.0], [0.0, 0.0], [0.0, 1.0], [0.0, 0.0]], "IYICU": [[0.0, 0.0], [0.0, 0.0], [0.0, 0.0], [0.0, 0.0], [0.0, 0.0]], "IHICU": [[0.0, 0.0], [0.0, 0.0], [0.0, 0.0], [0.0, 0.0], [0.0, 0.0]], "ToICU": [[0.0, 0.0], [0.0, 0.0], [0.0, 0.0], [0.0, 0.0], [0.0, 0.0]], "ToIHT": [[0.0, 0.0], [0.0, 0.0], [0.0, 0.0], [0.0, 1.0], [0.0, 0.0]], "ToICUD": [[0.0, 0.0], [0.0, 0.0], [0.0, 0.0], [0.0, 0.0], [0.0, 0.0]], "ToIYD": [[0.0, 0.0], [0.0, 0.0], [0.0, 0.0], [0.0, 0.0], [0.0, 0.0]], "ToIA": [[0.0, 0.0], [23.0, 11.0], [247.0, 51.0], [69.0, 34.0], [25.0, 32.0]], "ToIY": [[0.0, 0.0], [0.0, 0.0], [7.0, 0.0], [2.0, 2.0], [2.0, 1.0]]}