{"v_beta_reduct": 0, "v_tau_reduct": 0, "v_pi_reduct": 0, "S": [[65833.0, 4862.0], [80720.60355937247, 6692.578133925939], [69222.58862105933, 6917.0549567260605], [18041.852522836587, 5572.392267845189], [947.248872816762, 736.9838711424785]], "E": [[131.0, 5.0], [259.0, 24.0], [159.0, 10.0], [30.0, 10.0], [0.0, 1.0]], "IA": [[224.0, 19.0], [525.0, 40.0], [283.0, 24.0], [53.0, 20.0], [0.0, 0.0]], "IY": [[427.0, 37.0], [908.0, 54.0], [476.0, 53.0], [111.0, 30.0], [5.0, 4.0]], "PA": [[180.0, 7.0], [340.0, 26.0], [157.0, 16.0], [40.0, 10.0], [0.0, 2.0]], "PY": [[201.0, 22.0], [432.0, 32.0], [239.0, 25.0], [51.0, 14.0], [1.0, 1.0]], "R": [[58885.0, 4227.0], [183827.0, 16203.0], [254491.0, 25700.0], [52673.0, 14428.0], [8735.0, 6493.0]], "D": [[107.0, 7.0], [349.0, 34.0], [719.0, 241.0], [256.0, 503.0], [66.0, 359.0]], "IH": [[1.0, 0.0], [1.0, 0.0], [21.0, 26.0], [8.0, 26.0], [0.0, 3.0]], "ICU": [[0.0, 0.0], [0.0, 0.0], [14.0, 15.0], [5.0, 18.0], [0.0, 0.0]], "IYIH": [[0.0, 0.0], [0.0, 0.0], [3.0, 4.0], [1.0, 5.0], [0.0, 0.0]], "IYICU": [[0.0, 0.0], [0.0, 0.0], [0.0, 0.0], [0.0, 2.0], [0.0, 0.0]], "IHICU": [[0.0, 0.0], [0.0, 0.0], [1.0, 0.0], [0.0, 0.0], [0.0, 0.0]], "ToICU": [[0.0, 0.0], [0.0, 0.0], [1.0, 0.0], [0.0, 2.0], [0.0, 0.0]], "ToIHT": [[0.0, 0.0], [0.0, 0.0], [3.0, 4.0], [1.0, 7.0], [0.0, 0.0]], "ToICUD": [[0.0, 0.0], [0.0, 0.0], [0.0, 0.0], [0.0, 0.0], [0.0, 0.0]], "ToIYD": [[0.0, 0.0], [2.0, 0.0], [0.0, 0.0], [0.0, 0.0], [0.0, 0.0]], "ToIA": [[72.0, 9.0], [159.0, 17.0], [69.0, 9.0], [20.0, 10.0], [0.0, 0.0]], "ToIY": [[104.0, 11.0], [179.0, 14.0], [87.0, 12.0], [29.0, 7.0], [0.0, 1.0]]}