{"v_beta_reduct": 0.750000000000044, "v_tau_reduct": 0.95, "v_pi_reduct": 0.95, "S": [[0.0, 0.0], [5644.765356513551, 12073.511722992718], [377178.59128989116, 107379.7528987056], [124896.24858276053, 77363.6077321549], [101639.15679913481, 79579.52372941314]], "E": [[0.0, 0.0], [1.0, 6.0], [171.0, 47.0], [54.0, 23.0], [19.0, 14.0]], "IA": [[0.0, 0.0], [0.0, 5.0], [421.0, 133.0], [117.0, 74.0], [37.0, 35.0]], "IY": [[0.0, 0.0], [0.0, 0.0], [22.0, 5.0], [7.0, 4.0], [2.0, 1.0]], "PA": [[0.0, 0.0], [0.0, 17.0], [397.0, 120.0], [105.0, 59.0], [41.0, 39.0]], "PY": [[0.0, 0.0], [0.0, 0.0], [13.0, 4.0], [0.0, 1.0], [1.0, 0.0]], "R": [[0.0, 0.0], [0.0, 8.0], [2548.0, 1237.0], [729.0, 646.0], [436.0, 387.0]], "D": [[0.0, 0.0], [0.0, 0.0], [0.0, 0.0], [0.0, 0.0], [0.0, 0.0]], "IH": [[0.0, 0.0], [0.0, 0.0], [0.0, 0.0], [0.0, 0.0], [0.0, 0.0]], "ICU": [[0.0, 0.0], [0.0, 0.0], [0.0, 0.0], [0.0, 0.0], [0.0, 0.0]], "IYIH": [[0.0, 0.0], [0.0, 0.0], [0.0, 0.0], [0.0, 0.0], [0.0, 0.0]], "IYICU": [[0.0, 0.0], [0.0, 0.0], [0.0, 0.0], [0.0, 0.0], [0.0, 0.0]], "IHICU": [[0.0, 0.0], [0.0, 0.0], [0.0, 0.0], [0.0, 0.0], [0.0, 0.0]], "ToICU": [[0.0, 0.0], [0.0, 0.0], [0.0, 0.0], [0.0, 0.0], [0.0, 0.0]], "ToIHT": [[0.0, 0.0], [0.0, 0.0], [0.0, 0.0], [0.0, 0.0], [0.0, 0.0]], "ToICUD": [[0.0, 0.0], [0.0, 0.0], [0.0, 0.0], [0.0, 0.0], [0.0, 0.0]], "ToIYD": [[0.0, 0.0], [0.0, 0.0], [0.0, 0.0], [0.0, 0.0], [0.0, 0.0]], "ToIA": [[0.0, 0.0], [0.0, 2.0], [133.0, 43.0], [42.0, 22.0], [16.0, 12.0]], "ToIY": [[0.0, 0.0], [0.0, 0.0], [9.0, 1.0], [1.0, 0.0], [0.0, 0.0]]}