{"v_beta_reduct": 0.75, "v_tau_reduct": 0.95, "v_pi_reduct": 0.95, "S": [[0.0, 0.0], [34393.61086087363, 9566.863975567556], [436047.61185945314, 95223.49065293612], [135263.02123015793, 70057.60523322801], [104646.52095928743, 82073.33392851449]], "E": [[0.0, 0.0], [34.0, 11.0], [299.0, 64.0], [71.0, 42.0], [37.0, 16.0]], "IA": [[0.0, 0.0], [211.0, 56.0], [1516.0, 338.0], [410.0, 202.0], [174.0, 128.0]], "IY": [[0.0, 0.0], [7.0, 0.0], [49.0, 14.0], [8.0, 6.0], [3.0, 3.0]], "PA": [[0.0, 0.0], [101.0, 27.0], [821.0, 171.0], [186.0, 113.0], [88.0, 81.0]], "PY": [[0.0, 0.0], [3.0, 0.0], [26.0, 7.0], [4.0, 3.0], [2.0, 1.0]], "R": [[0.0, 0.0], [4708.0, 1986.0], [58075.0, 14419.0], [14818.0, 8441.0], [5992.0, 4749.0]], "D": [[0.0, 0.0], [0.0, 0.0], [9.0, 2.0], [1.0, 1.0], [2.0, 1.0]], "IH": [[0.0, 0.0], [0.0, 0.0], [0.0, 0.0], [0.0, 0.0], [0.0, 0.0]], "ICU": [[0.0, 0.0], [0.0, 0.0], [0.0, 1.0], [0.0, 0.0], [0.0, 0.0]], "IYIH": [[0.0, 0.0], [0.0, 0.0], [0.0, 0.0], [0.0, 0.0], [0.0, 0.0]], "IYICU": [[0.0, 0.0], [0.0, 0.0], [0.0, 0.0], [0.0, 0.0], [0.0, 0.0]], "IHICU": [[0.0, 0.0], [0.0, 0.0], [0.0, 0.0], [0.0, 0.0], [0.0, 0.0]], "ToICU": [[0.0, 0.0], [0.0, 0.0], [0.0, 0.0], [0.0, 0.0], [0.0, 0.0]], "ToIHT": [[0.0, 0.0], [0.0, 0.0], [0.0, 0.0], [0.0, 0.0], [0.0, 0.0]], "ToICUD": [[0.0, 0.0], [0.0, 0.0], [0.0, 0.0], [0.0, 0.0], [0.0, 0.0]], "ToIYD": [[0.0, 0.0], [0.0, 0.0], [0.0, 0.0], [0.0, 0.0], [0.0, 0.0]], "ToIA": [[0.0, 0.0], [44.0, 12.0], [327.0, 65.0], [104.0, 45.0], [40.0, 27.0]], "ToIY": [[0.0, 0.0], [0.0, 1.0], [7.0, 2.0], [2.0, 2.0], [1.0, 1.0]]}