{"v_beta_reduct": 0.750000000000044, "v_tau_reduct": 0.95, "v_pi_reduct": 0.95, "S": [[0.0, 0.0], [5524.807402487933, 11983.85243134832], [369055.15884398425, 105385.05518905281], [122337.94687845105, 75910.21593846523], [100612.82087926623, 78926.79586410192]], "E": [[0.0, 0.0], [3.0, 4.0], [136.0, 52.0], [35.0, 22.0], [11.0, 18.0]], "IA": [[0.0, 0.0], [1.0, 11.0], [495.0, 155.0], [115.0, 76.0], [43.0, 53.0]], "IY": [[0.0, 0.0], [0.0, 0.0], [16.0, 2.0], [3.0, 3.0], [2.0, 1.0]], "PA": [[0.0, 0.0], [2.0, 12.0], [334.0, 82.0], [85.0, 67.0], [44.0, 28.0]], "PY": [[0.0, 0.0], [0.0, 0.0], [14.0, 3.0], [2.0, 0.0], [2.0, 1.0]], "R": [[0.0, 0.0], [0.0, 5.0], [2156.0, 1039.0], [585.0, 578.0], [357.0, 296.0]], "D": [[0.0, 0.0], [0.0, 0.0], [0.0, 0.0], [0.0, 0.0], [0.0, 0.0]], "IH": [[0.0, 0.0], [0.0, 0.0], [0.0, 0.0], [0.0, 0.0], [0.0, 0.0]], "ICU": [[0.0, 0.0], [0.0, 0.0], [0.0, 0.0], [0.0, 0.0], [0.0, 0.0]], "IYIH": [[0.0, 0.0], [0.0, 0.0], [0.0, 0.0], [0.0, 0.0], [0.0, 0.0]], "IYICU": [[0.0, 0.0], [0.0, 0.0], [0.0, 0.0], [0.0, 0.0], [0.0, 0.0]], "IHICU": [[0.0, 0.0], [0.0, 0.0], [0.0, 0.0], [0.0, 0.0], [0.0, 0.0]], "ToICU": [[0.0, 0.0], [0.0, 0.0], [0.0, 0.0], [0.0, 0.0], [0.0, 0.0]], "ToIHT": [[0.0, 0.0], [0.0, 0.0], [0.0, 0.0], [0.0, 0.0], [0.0, 0.0]], "ToICUD": [[0.0, 0.0], [0.0, 0.0], [0.0, 0.0], [0.0, 0.0], [0.0, 0.0]], "ToIYD": [[0.0, 0.0], [0.0, 0.0], [0.0, 0.0], [0.0, 0.0], [0.0, 0.0]], "ToIA": [[0.0, 0.0], [1.0, 4.0], [154.0, 38.0], [38.0, 33.0], [12.0, 16.0]], "ToIY": [[0.0, 0.0], [0.0, 0.0], [3.0, 1.0], [0.0, 0.0], [2.0, 0.0]]}