{"v_beta_reduct": 0.6500000000000147, "v_tau_reduct": 0.7500000000000586, "v_pi_reduct": 0.95, "S": [[1970.0, 122.0], [7189.0, 879.0], [49211.0, 12831.0], [15152.0, 8721.0], [10490.0, 8243.0]], "E": [[3.0, 0.0], [5.0, 0.0], [35.0, 5.0], [4.0, 6.0], [5.0, 2.0]], "IA": [[4.0, 0.0], [10.0, 2.0], [79.0, 17.0], [13.0, 10.0], [5.0, 6.0]], "IY": [[0.0, 0.0], [2.0, 0.0], [15.0, 2.0], [5.0, 3.0], [1.0, 1.0]], "PA": [[4.0, 0.0], [9.0, 0.0], [62.0, 8.0], [9.0, 7.0], [8.0, 3.0]], "PY": [[0.0, 0.0], [2.0, 0.0], [4.0, 5.0], [1.0, 3.0], [2.0, 0.0]], "R": [[3.0, 0.0], [29.0, 3.0], [168.0, 54.0], [37.0, 29.0], [18.0, 12.0]], "D": [[0.0, 0.0], [0.0, 0.0], [0.0, 0.0], [0.0, 0.0], [0.0, 0.0]], "IH": [[0.0, 0.0], [0.0, 0.0], [0.0, 0.0], [0.0, 0.0], [0.0, 0.0]], "ICU": [[0.0, 0.0], [0.0, 0.0], [0.0, 0.0], [0.0, 0.0], [0.0, 0.0]], "IYIH": [[0.0, 0.0], [0.0, 0.0], [0.0, 0.0], [0.0, 0.0], [0.0, 0.0]], "IYICU": [[0.0, 0.0], [0.0, 0.0], [0.0, 0.0], [0.0, 0.0], [0.0, 0.0]], "IHICU": [[0.0, 0.0], [0.0, 0.0], [0.0, 0.0], [0.0, 0.0], [0.0, 0.0]], "ToICU": [[0.0, 0.0], [0.0, 0.0], [0.0, 0.0], [0.0, 0.0], [0.0, 0.0]], "ToIHT": [[0.0, 0.0], [0.0, 0.0], [0.0, 0.0], [0.0, 0.0], [0.0, 0.0]], "ToICUD": [[0.0, 0.0], [0.0, 0.0], [0.0, 0.0], [0.0, 0.0], [0.0, 0.0]], "ToIYD": [[0.0, 0.0], [0.0, 0.0], [0.0, 0.0], [0.0, 0.0], [0.0, 0.0]], "ToIA": [[1.0, 0.0], [1.0, 2.0], [25.0, 3.0], [6.0, 3.0], [0.0, 3.0]], "ToIY": [[0.0, 0.0], [1.0, 0.0], [5.0, 0.0], [2.0, 1.0], [0.0, 0.0]]}