{"v_beta_reduct": 0, "v_tau_reduct": 0, "v_pi_reduct": 0, "S": [[106287.0, 7927.0], [221024.43671502857, 16753.488277007284], [255276.1357507006, 12524.247101294395], [57319.86728366772, 8722.392267845189], [8544.130503918574, 6695.098303911584]], "E": [[119.0, 10.0], [410.0, 38.0], [478.0, 20.0], [75.0, 9.0], [6.0, 4.0]], "IA": [[160.0, 9.0], [509.0, 42.0], [556.0, 21.0], [101.0, 14.0], [14.0, 9.0]], "IY": [[291.0, 32.0], [913.0, 79.0], [950.0, 55.0], [149.0, 30.0], [12.0, 18.0]], "PA": [[134.0, 11.0], [496.0, 28.0], [482.0, 21.0], [81.0, 11.0], [6.0, 3.0]], "PY": [[187.0, 10.0], [617.0, 56.0], [622.0, 32.0], [106.0, 22.0], [14.0, 7.0]], "R": [[19513.0, 1226.0], [73688.0, 7324.0], [174693.0, 21083.0], [38132.0, 11852.0], [7920.0, 5885.0]], "D": [[50.0, 4.0], [180.0, 21.0], [484.0, 157.0], [167.0, 352.0], [52.0, 265.0]], "IH": [[1.0, 0.0], [0.0, 0.0], [24.0, 10.0], [8.0, 10.0], [0.0, 6.0]], "ICU": [[0.0, 0.0], [0.0, 0.0], [16.0, 8.0], [3.0, 3.0], [0.0, 2.0]], "IYIH": [[0.0, 0.0], [0.0, 0.0], [5.0, 2.0], [0.0, 1.0], [0.0, 2.0]], "IYICU": [[0.0, 0.0], [0.0, 0.0], [0.0, 0.0], [1.0, 0.0], [0.0, 0.0]], "IHICU": [[0.0, 0.0], [0.0, 0.0], [0.0, 0.0], [0.0, 0.0], [0.0, 0.0]], "ToICU": [[0.0, 0.0], [0.0, 0.0], [0.0, 0.0], [1.0, 0.0], [0.0, 0.0]], "ToIHT": [[0.0, 0.0], [0.0, 0.0], [5.0, 2.0], [1.0, 1.0], [0.0, 2.0]], "ToICUD": [[0.0, 0.0], [0.0, 0.0], [0.0, 0.0], [0.0, 0.0], [0.0, 0.0]], "ToIYD": [[0.0, 0.0], [0.0, 0.0], [1.0, 1.0], [0.0, 0.0], [0.0, 0.0]], "ToIA": [[59.0, 2.0], [164.0, 8.0], [184.0, 7.0], [26.0, 4.0], [5.0, 4.0]], "ToIY": [[74.0, 14.0], [236.0, 26.0], [245.0, 16.0], [40.0, 5.0], [5.0, 4.0]]}