{"v_beta_reduct": 0.7, "v_tau_reduct": 0.75, "v_pi_reduct": 0.95, "S": [[0.0, 0.0], [17312.657963687776, 4070.937035261507], [148282.53075506457, 28647.33944851088], [54049.214331422845, 24610.434219264236], [58632.091996543226, 46097.9300626695]], "E": [[0.0, 0.0], [8.0, 6.0], [84.0, 14.0], [30.0, 10.0], [16.0, 12.0]], "IA": [[0.0, 0.0], [75.0, 14.0], [841.0, 157.0], [282.0, 98.0], [183.0, 121.0]], "IY": [[0.0, 0.0], [11.0, 3.0], [139.0, 28.0], [40.0, 32.0], [21.0, 27.0]], "PA": [[0.0, 0.0], [22.0, 3.0], [295.0, 57.0], [102.0, 41.0], [54.0, 54.0]], "PY": [[0.0, 0.0], [4.0, 2.0], [39.0, 6.0], [19.0, 7.0], [17.0, 10.0]], "R": [[0.0, 0.0], [31783.0, 8358.0], [328834.0, 69050.0], [92175.0, 45213.0], [41383.0, 32322.0]], "D": [[0.0, 0.0], [0.0, 3.0], [27.0, 11.0], [17.0, 12.0], [4.0, 12.0]], "IH": [[0.0, 0.0], [0.0, 0.0], [1.0, 1.0], [0.0, 0.0], [0.0, 0.0]], "ICU": [[0.0, 0.0], [0.0, 0.0], [0.0, 0.0], [0.0, 1.0], [0.0, 0.0]], "IYIH": [[0.0, 0.0], [0.0, 0.0], [0.0, 1.0], [0.0, 0.0], [0.0, 0.0]], "IYICU": [[0.0, 0.0], [0.0, 0.0], [0.0, 0.0], [0.0, 0.0], [0.0, 0.0]], "IHICU": [[0.0, 0.0], [0.0, 0.0], [0.0, 0.0], [0.0, 0.0], [0.0, 0.0]], "ToICU": [[0.0, 0.0], [0.0, 0.0], [0.0, 0.0], [0.0, 0.0], [0.0, 0.0]], "ToIHT": [[0.0, 0.0], [0.0, 0.0], [0.0, 1.0], [0.0, 0.0], [0.0, 0.0]], "ToICUD": [[0.0, 0.0], [0.0, 0.0], [0.0, 0.0], [0.0, 0.0], [0.0, 0.0]], "ToIYD": [[0.0, 0.0], [0.0, 0.0], [0.0, 0.0], [0.0, 0.0], [0.0, 0.0]], "ToIA": [[0.0, 0.0], [14.0, 3.0], [124.0, 30.0], [40.0, 14.0], [27.0, 26.0]], "ToIY": [[0.0, 0.0], [1.0, 0.0], [19.0, 7.0], [5.0, 5.0], [4.0, 4.0]]}