{"v_beta_reduct": 0.15, "v_tau_reduct": 0.3, "v_pi_reduct": 0.95, "S": [[2721.0, 225.0], [3963.603722123711, 370.7151663035173], [11393.575482029746, 2389.1779386133694], [4338.893332984022, 2202.7817192009707], [7001.693043348907, 5384.881125778518]], "E": [[2.0, 0.0], [9.0, 0.0], [24.0, 5.0], [6.0, 4.0], [2.0, 8.0]], "IA": [[19.0, 1.0], [42.0, 6.0], [142.0, 23.0], [32.0, 19.0], [39.0, 33.0]], "IY": [[8.0, 3.0], [25.0, 1.0], [103.0, 19.0], [19.0, 11.0], [28.0, 20.0]], "PA": [[2.0, 0.0], [13.0, 1.0], [43.0, 12.0], [12.0, 11.0], [11.0, 12.0]], "PY": [[5.0, 0.0], [13.0, 1.0], [25.0, 3.0], [11.0, 9.0], [13.0, 4.0]], "R": [[10305.0, 747.0], [38121.0, 4410.0], [124935.0, 24077.0], [33352.0, 15957.0], [15196.0, 11965.0]], "D": [[3.0, 0.0], [19.0, 0.0], [50.0, 10.0], [11.0, 9.0], [5.0, 18.0]], "IH": [[0.0, 0.0], [0.0, 0.0], [0.0, 0.0], [1.0, 0.0], [0.0, 0.0]], "ICU": [[0.0, 0.0], [0.0, 0.0], [0.0, 1.0], [1.0, 0.0], [0.0, 1.0]], "IYIH": [[0.0, 0.0], [0.0, 0.0], [0.0, 0.0], [0.0, 0.0], [0.0, 0.0]], "IYICU": [[0.0, 0.0], [0.0, 0.0], [0.0, 0.0], [0.0, 0.0], [0.0, 0.0]], "IHICU": [[0.0, 0.0], [0.0, 0.0], [0.0, 0.0], [0.0, 0.0], [0.0, 0.0]], "ToICU": [[0.0, 0.0], [0.0, 0.0], [0.0, 0.0], [0.0, 0.0], [0.0, 0.0]], "ToIHT": [[0.0, 0.0], [0.0, 0.0], [0.0, 0.0], [0.0, 0.0], [0.0, 0.0]], "ToICUD": [[0.0, 0.0], [0.0, 0.0], [0.0, 0.0], [0.0, 0.0], [0.0, 0.0]], "ToIYD": [[0.0, 0.0], [0.0, 0.0], [0.0, 0.0], [0.0, 0.0], [0.0, 0.0]], "ToIA": [[6.0, 1.0], [10.0, 2.0], [26.0, 6.0], [4.0, 0.0], [8.0, 3.0]], "ToIY": [[4.0, 1.0], [4.0, 0.0], [10.0, 3.0], [3.0, 3.0], [5.0, 2.0]]}