{"v_beta_reduct": 0, "v_tau_reduct": 0, "v_pi_reduct": 0, "S": [[4836.0, 347.0], [1676.0169257079797, 137.38026256501988], [1038.2595675409696, 196.4826128757593], [267.4483447682409, 235.78406153478863], [204.21496010769772, 152.18881155193424]], "E": [[4.0, 0.0], [5.0, 0.0], [3.0, 0.0], [2.0, 0.0], [0.0, 0.0]], "IA": [[27.0, 2.0], [14.0, 0.0], [5.0, 0.0], [4.0, 1.0], [1.0, 2.0]], "IY": [[44.0, 3.0], [18.0, 2.0], [16.0, 2.0], [0.0, 6.0], [0.0, 0.0]], "PA": [[8.0, 1.0], [6.0, 1.0], [4.0, 2.0], [1.0, 2.0], [0.0, 0.0]], "PY": [[12.0, 2.0], [8.0, 1.0], [3.0, 1.0], [2.0, 0.0], [0.0, 0.0]], "R": [[110402.0, 8007.0], [227159.0, 19442.0], [285340.0, 30877.0], [60563.0, 18903.0], [9334.0, 6861.0]], "D": [[129.0, 12.0], [357.0, 32.0], [769.0, 254.0], [343.0, 595.0], [58.0, 420.0]], "IH": [[0.0, 0.0], [0.0, 0.0], [0.0, 3.0], [0.0, 5.0], [1.0, 1.0]], "ICU": [[0.0, 0.0], [0.0, 0.0], [0.0, 1.0], [1.0, 6.0], [0.0, 0.0]], "IYIH": [[0.0, 0.0], [0.0, 0.0], [0.0, 1.0], [0.0, 0.0], [0.0, 1.0]], "IYICU": [[0.0, 0.0], [0.0, 0.0], [0.0, 0.0], [0.0, 1.0], [0.0, 0.0]], "IHICU": [[0.0, 0.0], [0.0, 0.0], [0.0, 0.0], [0.0, 0.0], [0.0, 0.0]], "ToICU": [[0.0, 0.0], [0.0, 0.0], [0.0, 0.0], [0.0, 1.0], [0.0, 0.0]], "ToIHT": [[0.0, 0.0], [0.0, 0.0], [0.0, 1.0], [0.0, 1.0], [0.0, 1.0]], "ToICUD": [[0.0, 0.0], [0.0, 0.0], [0.0, 0.0], [0.0, 0.0], [0.0, 0.0]], "ToIYD": [[0.0, 0.0], [0.0, 0.0], [0.0, 0.0], [0.0, 0.0], [0.0, 0.0]], "ToIA": [[2.0, 0.0], [2.0, 0.0], [2.0, 0.0], [1.0, 0.0], [0.0, 0.0]], "ToIY": [[8.0, 1.0], [5.0, 0.0], [4.0, 0.0], [0.0, 1.0], [0.0, 0.0]]}