{"v_beta_reduct": 0, "v_tau_reduct": 0, "v_pi_reduct": 0, "S": [[64263.0, 4766.0], [77415.90230846616, 6342.53016187278], [66751.43137027712, 6713.486022708888], [17465.47070638954, 5514.784061534789], [925.2149601076977, 732.1888115519342]], "E": [[152.0, 18.0], [328.0, 28.0], [176.0, 19.0], [42.0, 13.0], [0.0, 1.0]], "IA": [[411.0, 26.0], [877.0, 70.0], [473.0, 48.0], [117.0, 30.0], [3.0, 2.0]], "IY": [[515.0, 45.0], [1031.0, 97.0], [585.0, 69.0], [139.0, 52.0], [2.0, 2.0]], "PA": [[211.0, 12.0], [441.0, 28.0], [225.0, 20.0], [39.0, 10.0], [2.0, 3.0]], "PY": [[251.0, 24.0], [543.0, 43.0], [285.0, 30.0], [67.0, 28.0], [2.0, 1.0]], "R": [[59892.0, 4281.0], [186805.0, 16661.0], [266617.0, 28081.0], [55763.0, 15852.0], [9889.0, 7175.0]], "D": [[102.0, 11.0], [322.0, 31.0], [729.0, 233.0], [315.0, 508.0], [57.0, 402.0]], "IH": [[0.0, 0.0], [0.0, 0.0], [21.0, 19.0], [12.0, 32.0], [1.0, 1.0]], "ICU": [[1.0, 0.0], [0.0, 0.0], [24.0, 15.0], [2.0, 18.0], [1.0, 1.0]], "IYIH": [[0.0, 0.0], [0.0, 0.0], [5.0, 2.0], [2.0, 9.0], [0.0, 0.0]], "IYICU": [[0.0, 0.0], [0.0, 0.0], [0.0, 1.0], [0.0, 1.0], [0.0, 1.0]], "IHICU": [[0.0, 0.0], [0.0, 0.0], [0.0, 0.0], [0.0, 0.0], [0.0, 0.0]], "ToICU": [[0.0, 0.0], [0.0, 0.0], [0.0, 1.0], [0.0, 1.0], [0.0, 1.0]], "ToIHT": [[0.0, 0.0], [0.0, 0.0], [5.0, 3.0], [2.0, 10.0], [0.0, 1.0]], "ToICUD": [[0.0, 0.0], [0.0, 0.0], [0.0, 0.0], [0.0, 1.0], [0.0, 0.0]], "ToIYD": [[0.0, 0.0], [2.0, 0.0], [0.0, 0.0], [0.0, 0.0], [0.0, 0.0]], "ToIA": [[92.0, 8.0], [178.0, 15.0], [89.0, 7.0], [26.0, 9.0], [0.0, 0.0]], "ToIY": [[138.0, 7.0], [214.0, 20.0], [153.0, 11.0], [29.0, 10.0], [1.0, 0.0]]}