{"v_beta_reduct": 0.7, "v_tau_reduct": 0.75, "v_pi_reduct": 0.95, "S": [[0.0, 0.0], [18393.303586501534, 4187.148239677757], [157371.38991593613, 30306.46944253164], [57398.995221953024, 25803.812146759345], [60850.38436033854, 47539.9932541905]], "E": [[0.0, 0.0], [6.0, 3.0], [73.0, 12.0], [29.0, 11.0], [11.0, 12.0]], "IA": [[0.0, 0.0], [51.0, 8.0], [392.0, 88.0], [127.0, 63.0], [64.0, 79.0]], "IY": [[0.0, 0.0], [19.0, 5.0], [122.0, 30.0], [31.0, 23.0], [21.0, 16.0]], "PA": [[0.0, 0.0], [26.0, 10.0], [220.0, 48.0], [87.0, 26.0], [39.0, 42.0]], "PY": [[0.0, 0.0], [4.0, 0.0], [31.0, 13.0], [10.0, 2.0], [6.0, 6.0]], "R": [[0.0, 0.0], [31901.0, 8464.0], [329446.0, 69081.0], [91466.0, 45216.0], [40373.0, 31622.0]], "D": [[0.0, 0.0], [7.0, 2.0], [29.0, 6.0], [7.0, 10.0], [3.0, 8.0]], "IH": [[0.0, 0.0], [0.0, 0.0], [0.0, 1.0], [1.0, 0.0], [0.0, 0.0]], "ICU": [[0.0, 0.0], [0.0, 0.0], [0.0, 0.0], [0.0, 1.0], [0.0, 0.0]], "IYIH": [[0.0, 0.0], [0.0, 0.0], [0.0, 0.0], [0.0, 0.0], [0.0, 0.0]], "IYICU": [[0.0, 0.0], [0.0, 0.0], [0.0, 0.0], [0.0, 0.0], [0.0, 0.0]], "IHICU": [[0.0, 0.0], [0.0, 0.0], [0.0, 0.0], [0.0, 0.0], [0.0, 0.0]], "ToICU": [[0.0, 0.0], [0.0, 0.0], [0.0, 0.0], [0.0, 0.0], [0.0, 0.0]], "ToIHT": [[0.0, 0.0], [0.0, 0.0], [0.0, 0.0], [0.0, 0.0], [0.0, 0.0]], "ToICUD": [[0.0, 0.0], [0.0, 0.0], [0.0, 0.0], [0.0, 0.0], [0.0, 0.0]], "ToIYD": [[0.0, 0.0], [0.0, 0.0], [0.0, 0.0], [0.0, 0.0], [0.0, 0.0]], "ToIA": [[0.0, 0.0], [13.0, 3.0], [98.0, 20.0], [27.0, 14.0], [18.0, 14.0]], "ToIY": [[0.0, 0.0], [4.0, 0.0], [16.0, 3.0], [7.0, 4.0], [2.0, 2.0]]}