{"v_beta_reduct": 0.6500000000000147, "v_tau_reduct": 0.7500000000000586, "v_pi_reduct": 0.95, "S": [[1768.0, 120.0], [6857.0, 896.0], [48758.0, 12830.0], [14701.0, 8689.0], [10468.0, 8250.0]], "E": [[2.0, 0.0], [9.0, 1.0], [32.0, 2.0], [4.0, 6.0], [2.0, 4.0]], "IA": [[1.0, 1.0], [6.0, 0.0], [60.0, 18.0], [18.0, 4.0], [10.0, 5.0]], "IY": [[0.0, 0.0], [4.0, 0.0], [13.0, 5.0], [4.0, 4.0], [0.0, 1.0]], "PA": [[3.0, 0.0], [9.0, 0.0], [68.0, 17.0], [10.0, 7.0], [8.0, 5.0]], "PY": [[0.0, 0.0], [1.0, 0.0], [8.0, 2.0], [2.0, 4.0], [0.0, 0.0]], "R": [[11.0, 0.0], [37.0, 1.0], [203.0, 50.0], [47.0, 33.0], [16.0, 12.0]], "D": [[0.0, 0.0], [0.0, 0.0], [0.0, 0.0], [0.0, 0.0], [0.0, 0.0]], "IH": [[0.0, 0.0], [0.0, 0.0], [0.0, 0.0], [0.0, 0.0], [0.0, 0.0]], "ICU": [[0.0, 0.0], [0.0, 0.0], [0.0, 0.0], [0.0, 0.0], [0.0, 0.0]], "IYIH": [[0.0, 0.0], [0.0, 0.0], [0.0, 0.0], [0.0, 0.0], [0.0, 0.0]], "IYICU": [[0.0, 0.0], [0.0, 0.0], [0.0, 0.0], [0.0, 0.0], [0.0, 0.0]], "IHICU": [[0.0, 0.0], [0.0, 0.0], [0.0, 0.0], [0.0, 0.0], [0.0, 0.0]], "ToICU": [[0.0, 0.0], [0.0, 0.0], [0.0, 0.0], [0.0, 0.0], [0.0, 0.0]], "ToIHT": [[0.0, 0.0], [0.0, 0.0], [0.0, 0.0], [0.0, 0.0], [0.0, 0.0]], "ToICUD": [[0.0, 0.0], [0.0, 0.0], [0.0, 0.0], [0.0, 0.0], [0.0, 0.0]], "ToIYD": [[0.0, 0.0], [0.0, 0.0], [0.0, 0.0], [0.0, 0.0], [0.0, 0.0]], "ToIA": [[1.0, 0.0], [1.0, 0.0], [17.0, 5.0], [3.0, 1.0], [4.0, 2.0]], "ToIY": [[0.0, 0.0], [2.0, 0.0], [5.0, 0.0], [1.0, 1.0], [0.0, 1.0]]}