{"v_beta_reduct": 0, "v_tau_reduct": 0, "v_pi_reduct": 0, "S": [[104882.0, 7861.0], [217289.36379987892, 16636.14756865167], [250896.1566132662, 12403.94481094716], [56454.06388542919, 8623.784061534789], [8504.187043242262, 6663.924465036801]], "E": [[144.0, 11.0], [432.0, 29.0], [450.0, 16.0], [65.0, 11.0], [8.0, 6.0]], "IA": [[188.0, 25.0], [645.0, 49.0], [651.0, 25.0], [116.0, 16.0], [9.0, 10.0]], "IY": [[257.0, 17.0], [814.0, 63.0], [878.0, 37.0], [135.0, 31.0], [7.0, 7.0]], "PA": [[154.0, 6.0], [467.0, 32.0], [449.0, 22.0], [77.0, 13.0], [7.0, 5.0]], "PY": [[195.0, 20.0], [611.0, 43.0], [593.0, 33.0], [101.0, 6.0], [8.0, 5.0]], "R": [[20679.0, 1285.0], [77486.0, 7610.0], [188541.0, 23451.0], [41578.0, 13456.0], [9082.0, 6605.0]], "D": [[44.0, 3.0], [180.0, 15.0], [509.0, 163.0], [213.0, 356.0], [47.0, 331.0]], "IH": [[0.0, 0.0], [2.0, 0.0], [23.0, 8.0], [6.0, 11.0], [1.0, 8.0]], "ICU": [[0.0, 0.0], [0.0, 0.0], [7.0, 7.0], [5.0, 5.0], [0.0, 1.0]], "IYIH": [[0.0, 0.0], [1.0, 0.0], [7.0, 2.0], [4.0, 3.0], [0.0, 1.0]], "IYICU": [[0.0, 0.0], [0.0, 0.0], [1.0, 3.0], [1.0, 2.0], [0.0, 0.0]], "IHICU": [[0.0, 0.0], [0.0, 0.0], [1.0, 0.0], [0.0, 0.0], [0.0, 0.0]], "ToICU": [[0.0, 0.0], [0.0, 0.0], [2.0, 3.0], [1.0, 2.0], [0.0, 0.0]], "ToIHT": [[0.0, 0.0], [1.0, 0.0], [8.0, 5.0], [5.0, 5.0], [0.0, 1.0]], "ToICUD": [[0.0, 0.0], [0.0, 0.0], [0.0, 0.0], [0.0, 0.0], [0.0, 0.0]], "ToIYD": [[0.0, 0.0], [1.0, 0.0], [0.0, 0.0], [0.0, 0.0], [0.0, 0.0]], "ToIA": [[46.0, 5.0], [172.0, 13.0], [154.0, 5.0], [25.0, 3.0], [0.0, 3.0]], "ToIY": [[57.0, 4.0], [219.0, 16.0], [229.0, 11.0], [55.0, 9.0], [1.0, 2.0]]}