{"v_beta_reduct": 0.65, "v_tau_reduct": 0.75, "v_pi_reduct": 0.95, "S": [[2291.0, 136.0], [7897.0, 1154.0], [53275.05068132339, 7168.730196695367], [16985.706664655776, 5373.610705237197], [8623.750615095556, 6829.936145689765]], "E": [[2.0, 0.0], [9.0, 3.0], [51.0, 9.0], [16.0, 6.0], [0.0, 3.0]], "IA": [[11.0, 0.0], [53.0, 6.0], [258.0, 40.0], [57.0, 34.0], [18.0, 19.0]], "IY": [[1.0, 0.0], [7.0, 0.0], [46.0, 6.0], [12.0, 4.0], [2.0, 1.0]], "PA": [[3.0, 1.0], [15.0, 10.0], [114.0, 14.0], [28.0, 13.0], [9.0, 11.0]], "PY": [[2.0, 0.0], [4.0, 1.0], [23.0, 3.0], [3.0, 3.0], [2.0, 0.0]], "R": [[419.0, 30.0], [2491.0, 338.0], [12320.0, 2960.0], [2944.0, 1616.0], [1071.0, 796.0]], "D": [[0.0, 0.0], [1.0, 0.0], [6.0, 0.0], [1.0, 0.0], [1.0, 1.0]], "IH": [[0.0, 0.0], [0.0, 0.0], [0.0, 0.0], [0.0, 0.0], [0.0, 0.0]], "ICU": [[0.0, 0.0], [0.0, 0.0], [0.0, 0.0], [0.0, 0.0], [0.0, 0.0]], "IYIH": [[0.0, 0.0], [0.0, 0.0], [0.0, 0.0], [0.0, 0.0], [0.0, 0.0]], "IYICU": [[0.0, 0.0], [0.0, 0.0], [0.0, 0.0], [0.0, 0.0], [0.0, 0.0]], "IHICU": [[0.0, 0.0], [0.0, 0.0], [0.0, 0.0], [0.0, 0.0], [0.0, 0.0]], "ToICU": [[0.0, 0.0], [0.0, 0.0], [0.0, 0.0], [0.0, 0.0], [0.0, 0.0]], "ToIHT": [[0.0, 0.0], [0.0, 0.0], [0.0, 0.0], [0.0, 0.0], [0.0, 0.0]], "ToICUD": [[0.0, 0.0], [0.0, 0.0], [0.0, 0.0], [0.0, 0.0], [0.0, 0.0]], "ToIYD": [[0.0, 0.0], [0.0, 0.0], [0.0, 0.0], [0.0, 0.0], [0.0, 0.0]], "ToIA": [[1.0, 0.0], [15.0, 0.0], [51.0, 11.0], [14.0, 6.0], [5.0, 1.0]], "ToIY": [[0.0, 0.0], [2.0, 0.0], [8.0, 1.0], [3.0, 1.0], [1.0, 0.0]]}