{"v_beta_reduct": 0.7000000000000293, "v_tau_reduct": 0.8500000000000294, "v_pi_reduct": 0.95, "S": [[0.0, 0.0], [18790.386455952994, 10171.356414520846], [307822.6034724967, 3602.73749189379], [88113.502410353, 4330.39618723278], [28690.442145998422, 22512.892890891697]], "E": [[0.0, 0.0], [8.0, 6.0], [147.0, 1.0], [35.0, 0.0], [3.0, 2.0]], "IA": [[0.0, 0.0], [33.0, 11.0], [502.0, 11.0], [87.0, 7.0], [22.0, 15.0]], "IY": [[0.0, 0.0], [3.0, 1.0], [48.0, 0.0], [7.0, 1.0], [1.0, 2.0]], "PA": [[0.0, 0.0], [15.0, 8.0], [364.0, 4.0], [79.0, 8.0], [7.0, 6.0]], "PY": [[0.0, 0.0], [5.0, 1.0], [31.0, 0.0], [13.0, 0.0], [0.0, 0.0]], "R": [[0.0, 0.0], [95.0, 104.0], [5588.0, 723.0], [1406.0, 417.0], [381.0, 315.0]], "D": [[0.0, 0.0], [0.0, 0.0], [1.0, 0.0], [0.0, 0.0], [0.0, 0.0]], "IH": [[0.0, 0.0], [0.0, 0.0], [0.0, 0.0], [0.0, 0.0], [0.0, 0.0]], "ICU": [[0.0, 0.0], [0.0, 0.0], [0.0, 0.0], [0.0, 0.0], [0.0, 0.0]], "IYIH": [[0.0, 0.0], [0.0, 0.0], [0.0, 0.0], [0.0, 0.0], [0.0, 0.0]], "IYICU": [[0.0, 0.0], [0.0, 0.0], [0.0, 0.0], [0.0, 0.0], [0.0, 0.0]], "IHICU": [[0.0, 0.0], [0.0, 0.0], [0.0, 0.0], [0.0, 0.0], [0.0, 0.0]], "ToICU": [[0.0, 0.0], [0.0, 0.0], [0.0, 0.0], [0.0, 0.0], [0.0, 0.0]], "ToIHT": [[0.0, 0.0], [0.0, 0.0], [0.0, 0.0], [0.0, 0.0], [0.0, 0.0]], "ToICUD": [[0.0, 0.0], [0.0, 0.0], [0.0, 0.0], [0.0, 0.0], [0.0, 0.0]], "ToIYD": [[0.0, 0.0], [0.0, 0.0], [0.0, 0.0], [0.0, 0.0], [0.0, 0.0]], "ToIA": [[0.0, 0.0], [15.0, 4.0], [142.0, 0.0], [22.0, 5.0], [6.0, 5.0]], "ToIY": [[0.0, 0.0], [0.0, 0.0], [9.0, 0.0], [2.0, 1.0], [0.0, 1.0]]}