{"v_beta_reduct": 0.75, "v_tau_reduct": 0.95, "v_pi_reduct": 0.95, "S": [[0.0, 0.0], [31373.58356304331, 633.6708776680368], [404979.17185123713, 92188.193159723], [127350.03709215968, 65774.9424291394], [103077.86643790735, 80804.27121572121]], "E": [[0.0, 0.0], [50.0, 1.0], [374.0, 83.0], [105.0, 50.0], [33.0, 22.0]], "IA": [[0.0, 0.0], [198.0, 0.0], [1682.0, 365.0], [422.0, 210.0], [188.0, 147.0]], "IY": [[0.0, 0.0], [8.0, 0.0], [59.0, 11.0], [9.0, 11.0], [4.0, 5.0]], "PA": [[0.0, 0.0], [141.0, 4.0], [1010.0, 233.0], [258.0, 150.0], [102.0, 83.0]], "PY": [[0.0, 0.0], [5.0, 0.0], [34.0, 5.0], [10.0, 3.0], [2.0, 0.0]], "R": [[0.0, 0.0], [2528.0, 0.0], [27448.0, 12569.0], [8006.0, 7151.0], [4485.0, 3491.0]], "D": [[0.0, 0.0], [0.0, 0.0], [1.0, 1.0], [0.0, 1.0], [0.0, 0.0]], "IH": [[0.0, 0.0], [0.0, 0.0], [0.0, 1.0], [0.0, 0.0], [0.0, 0.0]], "ICU": [[0.0, 0.0], [0.0, 0.0], [0.0, 1.0], [0.0, 0.0], [0.0, 0.0]], "IYIH": [[0.0, 0.0], [0.0, 0.0], [0.0, 0.0], [0.0, 0.0], [0.0, 0.0]], "IYICU": [[0.0, 0.0], [0.0, 0.0], [0.0, 1.0], [0.0, 0.0], [0.0, 0.0]], "IHICU": [[0.0, 0.0], [0.0, 0.0], [0.0, 0.0], [0.0, 0.0], [0.0, 0.0]], "ToICU": [[0.0, 0.0], [0.0, 0.0], [0.0, 1.0], [0.0, 0.0], [0.0, 0.0]], "ToIHT": [[0.0, 0.0], [0.0, 0.0], [0.0, 1.0], [0.0, 0.0], [0.0, 0.0]], "ToICUD": [[0.0, 0.0], [0.0, 0.0], [0.0, 0.0], [0.0, 0.0], [0.0, 0.0]], "ToIYD": [[0.0, 0.0], [0.0, 0.0], [0.0, 0.0], [0.0, 0.0], [0.0, 0.0]], "ToIA": [[0.0, 0.0], [50.0, 0.0], [433.0, 82.0], [115.0, 61.0], [46.0, 46.0]], "ToIY": [[0.0, 0.0], [2.0, 0.0], [11.0, 3.0], [3.0, 2.0], [1.0, 2.0]]}