{"v_beta_reduct": 0, "v_tau_reduct": 0, "v_pi_reduct": 0, "S": [[64484.0, 4776.0], [77617.24115212576, 6496.452045759501], [66260.04585274411, 6707.26605425822], [17484.095198375762, 5432.014127561972], [927.9290501787057, 718.994574746515]], "E": [[205.0, 16.0], [413.0, 33.0], [262.0, 17.0], [56.0, 20.0], [0.0, 0.0]], "IA": [[432.0, 42.0], [997.0, 110.0], [486.0, 59.0], [105.0, 38.0], [4.0, 3.0]], "IY": [[622.0, 54.0], [1493.0, 116.0], [816.0, 81.0], [173.0, 64.0], [3.0, 4.0]], "PA": [[279.0, 16.0], [561.0, 49.0], [322.0, 28.0], [53.0, 22.0], [0.0, 1.0]], "PY": [[359.0, 28.0], [735.0, 63.0], [427.0, 42.0], [90.0, 24.0], [6.0, 5.0]], "R": [[58695.0, 4163.0], [185442.0, 17000.0], [285327.0, 30099.0], [60224.0, 17131.0], [10681.0, 8072.0]], "D": [[105.0, 9.0], [374.0, 36.0], [798.0, 248.0], [284.0, 514.0], [76.0, 442.0]], "IH": [[1.0, 2.0], [3.0, 1.0], [33.0, 20.0], [14.0, 39.0], [0.0, 6.0]], "ICU": [[0.0, 0.0], [0.0, 1.0], [20.0, 12.0], [2.0, 18.0], [0.0, 3.0]], "IYIH": [[1.0, 1.0], [0.0, 0.0], [4.0, 3.0], [4.0, 8.0], [0.0, 1.0]], "IYICU": [[0.0, 0.0], [0.0, 0.0], [1.0, 0.0], [0.0, 2.0], [0.0, 0.0]], "IHICU": [[0.0, 0.0], [0.0, 0.0], [0.0, 0.0], [0.0, 1.0], [0.0, 0.0]], "ToICU": [[0.0, 0.0], [0.0, 0.0], [1.0, 0.0], [0.0, 3.0], [0.0, 0.0]], "ToIHT": [[1.0, 1.0], [0.0, 0.0], [5.0, 3.0], [4.0, 10.0], [0.0, 1.0]], "ToICUD": [[0.0, 0.0], [0.0, 0.0], [1.0, 0.0], [1.0, 0.0], [0.0, 0.0]], "ToIYD": [[1.0, 0.0], [2.0, 0.0], [0.0, 0.0], [0.0, 0.0], [0.0, 0.0]], "ToIA": [[113.0, 9.0], [218.0, 22.0], [123.0, 19.0], [22.0, 4.0], [1.0, 0.0]], "ToIY": [[144.0, 15.0], [307.0, 24.0], [170.0, 18.0], [37.0, 18.0], [0.0, 2.0]]}