{"v_beta_reduct": 0.6500000000000147, "v_tau_reduct": 0.7500000000000586, "v_pi_reduct": 0.95, "S": [[2382.0, 181.0], [10396.0, 1899.0], [58871.0, 13033.0], [17090.0, 9080.0], [11235.0, 8499.0]], "E": [[0.0, 1.0], [7.0, 1.0], [45.0, 7.0], [8.0, 4.0], [5.0, 1.0]], "IA": [[2.0, 0.0], [26.0, 4.0], [80.0, 24.0], [11.0, 11.0], [4.0, 4.0]], "IY": [[0.0, 0.0], [2.0, 2.0], [14.0, 5.0], [4.0, 2.0], [4.0, 0.0]], "PA": [[1.0, 0.0], [6.0, 5.0], [64.0, 18.0], [16.0, 9.0], [5.0, 4.0]], "PY": [[0.0, 0.0], [0.0, 0.0], [21.0, 1.0], [4.0, 0.0], [1.0, 1.0]], "R": [[10.0, 1.0], [45.0, 10.0], [264.0, 63.0], [61.0, 30.0], [21.0, 13.0]], "D": [[0.0, 0.0], [0.0, 0.0], [0.0, 0.0], [0.0, 0.0], [0.0, 0.0]], "IH": [[0.0, 0.0], [0.0, 0.0], [0.0, 0.0], [0.0, 0.0], [0.0, 0.0]], "ICU": [[0.0, 0.0], [0.0, 0.0], [0.0, 0.0], [0.0, 0.0], [0.0, 0.0]], "IYIH": [[0.0, 0.0], [0.0, 0.0], [0.0, 0.0], [0.0, 0.0], [0.0, 0.0]], "IYICU": [[0.0, 0.0], [0.0, 0.0], [0.0, 0.0], [0.0, 0.0], [0.0, 0.0]], "IHICU": [[0.0, 0.0], [0.0, 0.0], [0.0, 0.0], [0.0, 0.0], [0.0, 0.0]], "ToICU": [[0.0, 0.0], [0.0, 0.0], [0.0, 0.0], [0.0, 0.0], [0.0, 0.0]], "ToIHT": [[0.0, 0.0], [0.0, 0.0], [0.0, 0.0], [0.0, 0.0], [0.0, 0.0]], "ToICUD": [[0.0, 0.0], [0.0, 0.0], [0.0, 0.0], [0.0, 0.0], [0.0, 0.0]], "ToIYD": [[0.0, 0.0], [0.0, 0.0], [0.0, 0.0], [0.0, 0.0], [0.0, 0.0]], "ToIA": [[1.0, 0.0], [9.0, 0.0], [18.0, 4.0], [2.0, 0.0], [2.0, 1.0]], "ToIY": [[0.0, 0.0], [1.0, 0.0], [5.0, 3.0], [0.0, 0.0], [2.0, 0.0]]}