{"v_beta_reduct": 0, "v_tau_reduct": 0, "v_pi_reduct": 0, "S": [[4837.0, 381.0], [1712.4659368672758, 145.85593232932635], [1020.3600967819172, 178.52675477684357], [305.71968239678546, 246.0141275619717], [184.92905017870567, 152.994574746515]], "E": [[6.0, 0.0], [2.0, 0.0], [2.0, 0.0], [0.0, 2.0], [1.0, 0.0]], "IA": [[25.0, 4.0], [4.0, 3.0], [9.0, 2.0], [2.0, 4.0], [0.0, 0.0]], "IY": [[47.0, 2.0], [17.0, 1.0], [15.0, 3.0], [4.0, 3.0], [2.0, 0.0]], "PA": [[8.0, 0.0], [1.0, 0.0], [2.0, 0.0], [1.0, 1.0], [0.0, 0.0]], "PY": [[9.0, 1.0], [10.0, 0.0], [8.0, 0.0], [0.0, 3.0], [0.0, 0.0]], "R": [[109381.0, 7910.0], [226854.0, 19975.0], [302461.0, 32598.0], [64827.0, 20067.0], [10105.0, 7582.0]], "D": [[129.0, 12.0], [408.0, 39.0], [847.0, 265.0], [307.0, 614.0], [78.0, 460.0]], "IH": [[0.0, 0.0], [0.0, 0.0], [0.0, 0.0], [0.0, 3.0], [0.0, 1.0]], "ICU": [[0.0, 0.0], [0.0, 0.0], [0.0, 0.0], [0.0, 4.0], [0.0, 1.0]], "IYIH": [[0.0, 0.0], [0.0, 0.0], [0.0, 0.0], [0.0, 0.0], [0.0, 1.0]], "IYICU": [[0.0, 0.0], [0.0, 0.0], [0.0, 0.0], [0.0, 0.0], [0.0, 0.0]], "IHICU": [[0.0, 0.0], [0.0, 0.0], [0.0, 0.0], [0.0, 0.0], [0.0, 0.0]], "ToICU": [[0.0, 0.0], [0.0, 0.0], [0.0, 0.0], [0.0, 0.0], [0.0, 0.0]], "ToIHT": [[0.0, 0.0], [0.0, 0.0], [0.0, 0.0], [0.0, 0.0], [0.0, 1.0]], "ToICUD": [[0.0, 0.0], [0.0, 0.0], [0.0, 0.0], [0.0, 0.0], [0.0, 0.0]], "ToIYD": [[0.0, 0.0], [0.0, 0.0], [0.0, 0.0], [0.0, 0.0], [0.0, 0.0]], "ToIA": [[7.0, 1.0], [2.0, 0.0], [1.0, 0.0], [0.0, 0.0], [0.0, 0.0]], "ToIY": [[7.0, 0.0], [2.0, 0.0], [4.0, 0.0], [1.0, 0.0], [0.0, 0.0]]}