{"v_beta_reduct": 0.65, "v_tau_reduct": 0.75, "v_pi_reduct": 0.95, "S": [[2866.0, 206.0], [11345.0, 1994.0], [63046.426573802426, 7177.822116792459], [18974.56013286738, 5434.64725606583], [9177.646703858432, 6980.971804708732]], "E": [[4.0, 1.0], [24.0, 1.0], [81.0, 9.0], [16.0, 10.0], [4.0, 5.0]], "IA": [[9.0, 1.0], [88.0, 18.0], [392.0, 59.0], [85.0, 28.0], [26.0, 12.0]], "IY": [[2.0, 0.0], [19.0, 5.0], [70.0, 9.0], [10.0, 7.0], [7.0, 6.0]], "PA": [[5.0, 0.0], [38.0, 9.0], [178.0, 23.0], [55.0, 11.0], [13.0, 11.0]], "PY": [[1.0, 0.0], [9.0, 1.0], [31.0, 6.0], [7.0, 1.0], [1.0, 3.0]], "R": [[458.0, 36.0], [3044.0, 543.0], [12471.0, 2541.0], [2927.0, 1456.0], [924.0, 739.0]], "D": [[0.0, 0.0], [0.0, 0.0], [2.0, 2.0], [1.0, 2.0], [1.0, 1.0]], "IH": [[0.0, 0.0], [0.0, 0.0], [1.0, 0.0], [0.0, 1.0], [0.0, 0.0]], "ICU": [[0.0, 0.0], [0.0, 0.0], [0.0, 0.0], [0.0, 0.0], [0.0, 1.0]], "IYIH": [[0.0, 0.0], [0.0, 0.0], [0.0, 0.0], [0.0, 0.0], [0.0, 0.0]], "IYICU": [[0.0, 0.0], [0.0, 0.0], [0.0, 0.0], [0.0, 0.0], [0.0, 0.0]], "IHICU": [[0.0, 0.0], [0.0, 0.0], [0.0, 0.0], [0.0, 0.0], [0.0, 0.0]], "ToICU": [[0.0, 0.0], [0.0, 0.0], [0.0, 0.0], [0.0, 0.0], [0.0, 0.0]], "ToIHT": [[0.0, 0.0], [0.0, 0.0], [0.0, 0.0], [0.0, 0.0], [0.0, 0.0]], "ToICUD": [[0.0, 0.0], [0.0, 0.0], [0.0, 0.0], [0.0, 0.0], [0.0, 0.0]], "ToIYD": [[0.0, 0.0], [0.0, 0.0], [0.0, 0.0], [0.0, 0.0], [0.0, 0.0]], "ToIA": [[4.0, 0.0], [25.0, 2.0], [90.0, 14.0], [23.0, 10.0], [7.0, 3.0]], "ToIY": [[2.0, 0.0], [7.0, 0.0], [7.0, 3.0], [3.0, 0.0], [0.0, 1.0]]}