{"v_beta_reduct": 0.7, "v_tau_reduct": 0.85, "v_pi_reduct": 0.95, "S": [[0.0, 0.0], [7558.175284830845, 8359.877076572468], [15272.355722216875, 2401.7186692264427], [5207.307576597183, 3690.39618723278], [1395.5578080554085, 1094.762404823562]], "E": [[0.0, 0.0], [12.0, 12.0], [16.0, 5.0], [4.0, 4.0], [0.0, 0.0]], "IA": [[0.0, 0.0], [25.0, 60.0], [91.0, 12.0], [24.0, 11.0], [2.0, 1.0]], "IY": [[0.0, 0.0], [3.0, 6.0], [8.0, 0.0], [2.0, 3.0], [0.0, 3.0]], "PA": [[0.0, 0.0], [21.0, 39.0], [44.0, 9.0], [20.0, 8.0], [4.0, 1.0]], "PY": [[0.0, 0.0], [5.0, 1.0], [3.0, 0.0], [2.0, 2.0], [0.0, 0.0]], "R": [[0.0, 0.0], [3018.0, 1858.0], [33840.0, 1184.0], [7289.0, 874.0], [1360.0, 1097.0]], "D": [[0.0, 0.0], [0.0, 0.0], [9.0, 0.0], [4.0, 0.0], [0.0, 0.0]], "IH": [[0.0, 0.0], [0.0, 0.0], [0.0, 0.0], [0.0, 0.0], [0.0, 0.0]], "ICU": [[0.0, 0.0], [0.0, 0.0], [0.0, 0.0], [0.0, 0.0], [0.0, 0.0]], "IYIH": [[0.0, 0.0], [0.0, 0.0], [0.0, 0.0], [0.0, 0.0], [0.0, 0.0]], "IYICU": [[0.0, 0.0], [0.0, 0.0], [0.0, 0.0], [0.0, 0.0], [0.0, 0.0]], "IHICU": [[0.0, 0.0], [0.0, 0.0], [0.0, 0.0], [0.0, 0.0], [0.0, 0.0]], "ToICU": [[0.0, 0.0], [0.0, 0.0], [0.0, 0.0], [0.0, 0.0], [0.0, 0.0]], "ToIHT": [[0.0, 0.0], [0.0, 0.0], [0.0, 0.0], [0.0, 0.0], [0.0, 0.0]], "ToICUD": [[0.0, 0.0], [0.0, 0.0], [0.0, 0.0], [0.0, 0.0], [0.0, 0.0]], "ToIYD": [[0.0, 0.0], [0.0, 0.0], [0.0, 0.0], [0.0, 0.0], [0.0, 0.0]], "ToIA": [[0.0, 0.0], [12.0, 17.0], [20.0, 2.0], [6.0, 3.0], [1.0, 0.0]], "ToIY": [[0.0, 0.0], [1.0, 1.0], [3.0, 0.0], [0.0, 1.0], [0.0, 0.0]]}