{"v_beta_reduct": 0, "v_tau_reduct": 0, "v_pi_reduct": 0, "S": [[99456.0, 7421.0], [197768.33005689594, 15276.143935742355], [232859.45691404244, 11568.136704028751], [53231.63718679147, 8187.014127561972], [8259.264796407131, 6496.033767721514]], "E": [[132.0, 11.0], [323.0, 27.0], [394.0, 18.0], [78.0, 13.0], [4.0, 3.0]], "IA": [[188.0, 10.0], [539.0, 45.0], [603.0, 38.0], [108.0, 19.0], [7.0, 3.0]], "IY": [[269.0, 17.0], [760.0, 50.0], [921.0, 43.0], [168.0, 23.0], [17.0, 7.0]], "PA": [[106.0, 6.0], [375.0, 23.0], [429.0, 18.0], [57.0, 12.0], [6.0, 6.0]], "PY": [[167.0, 6.0], [498.0, 31.0], [509.0, 32.0], [131.0, 8.0], [6.0, 6.0]], "R": [[25752.0, 1688.0], [97203.0, 9744.0], [224220.0, 26485.0], [49019.0, 15190.0], [10113.0, 7688.0]], "D": [[62.0, 7.0], [249.0, 24.0], [630.0, 199.0], [193.0, 378.0], [66.0, 377.0]], "IH": [[0.0, 1.0], [0.0, 0.0], [18.0, 9.0], [9.0, 9.0], [0.0, 7.0]], "ICU": [[0.0, 0.0], [0.0, 0.0], [11.0, 8.0], [2.0, 3.0], [1.0, 3.0]], "IYIH": [[0.0, 0.0], [0.0, 0.0], [2.0, 3.0], [3.0, 1.0], [0.0, 3.0]], "IYICU": [[0.0, 0.0], [0.0, 0.0], [1.0, 2.0], [0.0, 0.0], [0.0, 0.0]], "IHICU": [[0.0, 0.0], [0.0, 0.0], [1.0, 0.0], [0.0, 0.0], [0.0, 0.0]], "ToICU": [[0.0, 0.0], [0.0, 0.0], [2.0, 2.0], [0.0, 0.0], [0.0, 0.0]], "ToIHT": [[0.0, 0.0], [0.0, 0.0], [3.0, 5.0], [3.0, 1.0], [0.0, 3.0]], "ToICUD": [[0.0, 0.0], [0.0, 0.0], [0.0, 1.0], [0.0, 0.0], [0.0, 2.0]], "ToIYD": [[1.0, 0.0], [0.0, 0.0], [2.0, 0.0], [0.0, 0.0], [0.0, 0.0]], "ToIA": [[59.0, 1.0], [166.0, 9.0], [179.0, 16.0], [37.0, 7.0], [1.0, 1.0]], "ToIY": [[73.0, 4.0], [215.0, 18.0], [246.0, 15.0], [34.0, 6.0], [7.0, 2.0]]}