{"v_beta_reduct": 0.15, "v_tau_reduct": 0.3, "v_pi_reduct": 0.95, "S": [[3457.0, 265.0], [5099.664574769947, 230.76541448684645], [14421.394076876655, 2995.8256452527476], [5381.70784170203, 2628.480260546892], [7632.291116931204, 5926.766503991963]], "E": [[5.0, 1.0], [8.0, 1.0], [21.0, 9.0], [13.0, 6.0], [6.0, 2.0]], "IA": [[20.0, 3.0], [41.0, 6.0], [149.0, 33.0], [48.0, 22.0], [43.0, 28.0]], "IY": [[14.0, 2.0], [41.0, 1.0], [116.0, 20.0], [39.0, 18.0], [33.0, 27.0]], "PA": [[12.0, 0.0], [16.0, 0.0], [49.0, 15.0], [28.0, 13.0], [17.0, 13.0]], "PY": [[2.0, 1.0], [8.0, 0.0], [31.0, 7.0], [15.0, 5.0], [15.0, 11.0]], "R": [[10574.0, 768.0], [41605.0, 4818.0], [128098.0, 23259.0], [33308.0, 15198.0], [14839.0, 11364.0]], "D": [[1.0, 0.0], [10.0, 1.0], [37.0, 8.0], [12.0, 9.0], [5.0, 17.0]], "IH": [[0.0, 0.0], [0.0, 0.0], [0.0, 0.0], [1.0, 2.0], [0.0, 1.0]], "ICU": [[0.0, 0.0], [0.0, 0.0], [0.0, 0.0], [1.0, 0.0], [0.0, 1.0]], "IYIH": [[0.0, 0.0], [0.0, 0.0], [0.0, 0.0], [1.0, 1.0], [0.0, 0.0]], "IYICU": [[0.0, 0.0], [0.0, 0.0], [0.0, 0.0], [0.0, 0.0], [0.0, 0.0]], "IHICU": [[0.0, 0.0], [0.0, 0.0], [0.0, 0.0], [0.0, 0.0], [0.0, 0.0]], "ToICU": [[0.0, 0.0], [0.0, 0.0], [0.0, 0.0], [0.0, 0.0], [0.0, 0.0]], "ToIHT": [[0.0, 0.0], [0.0, 0.0], [0.0, 0.0], [1.0, 1.0], [0.0, 0.0]], "ToICUD": [[0.0, 0.0], [0.0, 0.0], [0.0, 0.0], [0.0, 0.0], [0.0, 0.0]], "ToIYD": [[0.0, 0.0], [0.0, 0.0], [0.0, 0.0], [0.0, 0.0], [0.0, 0.0]], "ToIA": [[2.0, 1.0], [10.0, 0.0], [31.0, 8.0], [8.0, 4.0], [9.0, 8.0]], "ToIY": [[4.0, 0.0], [6.0, 0.0], [15.0, 6.0], [5.0, 2.0], [5.0, 5.0]]}