{"v_beta_reduct": 0.7, "v_tau_reduct": 0.75, "v_pi_reduct": 0.95, "S": [[0.0, 0.0], [15647.309801778842, 3425.0124115358026], [143116.39880822747, 28820.647599970533], [52507.3912231634, 23792.109424658323], [58626.996751640756, 45827.45607897977]], "E": [[0.0, 0.0], [7.0, 0.0], [120.0, 24.0], [30.0, 18.0], [18.0, 12.0]], "IA": [[0.0, 0.0], [62.0, 12.0], [687.0, 161.0], [250.0, 121.0], [171.0, 122.0]], "IY": [[0.0, 0.0], [14.0, 0.0], [129.0, 30.0], [44.0, 26.0], [20.0, 21.0]], "PA": [[0.0, 0.0], [33.0, 4.0], [292.0, 59.0], [91.0, 45.0], [65.0, 55.0]], "PY": [[0.0, 0.0], [5.0, 1.0], [61.0, 8.0], [13.0, 11.0], [12.0, 7.0]], "R": [[0.0, 0.0], [21392.0, 1043.0], [279350.0, 65675.0], [80235.0, 41296.0], [38719.0, 30575.0]], "D": [[0.0, 0.0], [4.0, 0.0], [18.0, 6.0], [8.0, 7.0], [2.0, 8.0]], "IH": [[0.0, 0.0], [0.0, 0.0], [0.0, 1.0], [0.0, 0.0], [0.0, 1.0]], "ICU": [[0.0, 0.0], [0.0, 0.0], [0.0, 0.0], [0.0, 1.0], [0.0, 0.0]], "IYIH": [[0.0, 0.0], [0.0, 0.0], [0.0, 0.0], [0.0, 0.0], [0.0, 0.0]], "IYICU": [[0.0, 0.0], [0.0, 0.0], [0.0, 0.0], [0.0, 0.0], [0.0, 0.0]], "IHICU": [[0.0, 0.0], [0.0, 0.0], [0.0, 0.0], [0.0, 0.0], [0.0, 0.0]], "ToICU": [[0.0, 0.0], [0.0, 0.0], [0.0, 0.0], [0.0, 0.0], [0.0, 0.0]], "ToIHT": [[0.0, 0.0], [0.0, 0.0], [0.0, 0.0], [0.0, 0.0], [0.0, 0.0]], "ToICUD": [[0.0, 0.0], [0.0, 0.0], [0.0, 0.0], [0.0, 0.0], [0.0, 0.0]], "ToIYD": [[0.0, 0.0], [0.0, 0.0], [0.0, 0.0], [0.0, 0.0], [0.0, 0.0]], "ToIA": [[0.0, 0.0], [11.0, 5.0], [130.0, 25.0], [47.0, 19.0], [44.0, 20.0]], "ToIY": [[0.0, 0.0], [2.0, 0.0], [19.0, 8.0], [7.0, 4.0], [2.0, 1.0]]}