{"omicron start_date": 230.30994880636163, "omicron days": 16.603189258427317, "transmission_reduction": [0.052257, 0.787752, 0.641986, 0.827015, 0.778334, 0.75298, 0.674321, 0.801538, 0.811144, 0.6849, 0.539101, 0.62587, 0.665571, 0.669628, 0.613777, 0.7106088557318263, 0.8317335171599599, 0.7765998108451369]}