{"delta alpha_gamma_ICU": 0.5895899203043481, "delta alpha_IH": 2.29357422655945, "delta alpha_mu_ICU": 4.427394852305364, "delta alpha_IYD": 0.6357076545347056}