{"omicron start_date": 229.08965538062438, "omicron days": 21.003345951364157, "transmission_reduction": [0.052257, 0.787752, 0.641986, 0.827015, 0.778334, 0.75298, 0.674321, 0.801538, 0.811144, 0.6849, 0.539101, 0.625945789, 0.665369334, 0.703965861, 0.538824759, 0.39293578159413445, 0.30991844693438053, 8.34161787977168e-32]}