{"v_beta_reduct": 0.0, "v_tau_reduct": 0.0, "v_beta_reduct_delta": 0, "v_tau_reduct_delta": 0, "v_tau_reduct_omicron": 0, "S": [[19660.232198789792, 1474.73843078694], [11255.643161462327, 839.3727091929406], [7054.036617177941, 1310.7267813425158], [1407.1114905374461, 1395.4566634653866], [470.35216603167703, 368.29417986409504]], "E": [[63.90134159782397, 4.793318984246587], [54.684355448491814, 4.078003799945177], [36.29807873205313, 6.7446295628126425], [5.95760536091599, 5.9082596902196824], [0.8887428843071007, 0.6959016144169086]], "IA": [[52.7348402043621, 3.9557058484572836], [43.054871571666574, 3.2107524800358616], [27.654782068953466, 5.1385987140607625], [4.616311289912868, 4.578075293578153], [0.7663720882100261, 0.6000830868482416]], "IY": [[69.91421006320185, 5.25102497577981], [57.07892305721586, 4.260726385224241], [36.90567403159831, 7.2668850812629495], [6.208227736815238, 6.9359321722528495], [1.0333214857745814, 0.9292546153351959]], "PA": [[37.99884479633724, 2.850340534132468], [31.68249154123771, 2.362674293904686], [20.58727744916372, 3.8253694121512996], [3.4120720180847344, 3.3838104982296158], [0.5417656893263879, 0.4242122491161875]], "PY": [[50.37056170677262, 3.7783583824546665], [41.99772134536162, 3.131917087269001], [27.29011196749609, 5.07083852308428], [4.522979186763483, 4.485516241839257], [0.7181545184093979, 0.5623278651075045]], "R": [[51360.69942307113, 3736.0995695539623], [109821.46555093047, 9393.113554152096], [145310.90449774588, 16439.63579296056], [30610.623188340858, 9887.434575161189], [4950.0232525213205, 3726.342322658183]], "D": [[166.5400896921791, 12.49054959574686], [428.1876243442023, 39.20700982659448], [814.8976841066034, 246.7783512895503], [311.1506222873319, 563.0678936031866], [77.06640386176834, 430.94343895402295]], "IH": [[0.02125236830787986, 0.015940109514192106], [0.013279084156457057, 0.009901872940991662], [0.5328223209068914, 0.9864485781249431], [0.2039568729138443, 2.0094462300458438], [0.041455850136853024, 0.32229423066441554]], "ICU": [[0.0074422825314142335, 0.005582253053753859], [0.004631977717228733, 0.0034540633206892497], [0.18807216744699606, 0.34898997412998334], [0.0669151367681932, 0.6621516635306104], [0.010544378903864995, 0.08200023779792881]], "IYIH": [[0.00493253312688569, 0.003699321469552426], [0.0030873109439357948, 0.002302011848946269], [0.12184547101048591, 0.22475838176561685], [0.04395999448894827, 0.42907336481952], [0.008701309858200331, 0.06676258284814646]], "IYICU": [[0.0010254748382474987, 0.0007690551138826439], [0.0006418534423742812, 0.00047857276007986734], [0.02532585224921658, 0.046624830576922884], [0.009134721579059419, 0.08881543742053756], [0.0018079330615910633, 0.013810123888260719]], "IHICU": [[0.00032867184128290206, 0.0002465194519500599], [0.00020529089812545468, 0.00015308133807797995], [0.00825658126753097, 0.015294264858145851], [0.002957110043545183, 0.029171852975890207], [0.000576864626633805, 0.004492454222493691]], "ToICU": [[0.001354146679530401, 0.0010155745658327038], [0.0008471443404997358, 0.0006316540981578473], [0.03358243351674755, 0.061919095435068745], [0.012091831622604599, 0.11798729039642776], [0.0023847976882248687, 0.01830257811075441]], "ToIHT": [[0.005958007965133188, 0.004468376583435071], [0.0037291643863100765, 0.002780584609026136], [0.1471713232597025, 0.2713832123425397], [0.05309471606800769, 0.5178888022400576], [0.010509242919791394, 0.08057270673640719]], "ToICUD": [[0.00013757466912113096, 0.00010319253491813065], [8.557057729932395e-05, 6.381063487833204e-05], [0.0034835712337975546, 0.006468761614402315], [0.0030037630567311276, 0.02976998842657544], [0.0010064541775127575, 0.007841528862172724]], "ToIYD": [[0.03292014086590054, 0.002461006503000058], [0.02680091705826754, 0.0019934261697523224], [0.01689163466733793, 0.002631337319817658], [0.002763159693990337, 0.0017693106861231642], [0.0004579331564821031, 0.00020688358407832294]], "ToIA": [[15.506855384608395, 1.1631884784018518], [12.826270722652417, 0.9564999041703927], [8.279384458156024, 1.5384114842711978], [1.3764728758507152, 1.365071822383877], [0.2227606065700423, 0.17442554925369858]], "ToIY": [[20.555598998201827, 1.5419010062536171], [17.002265841655525, 1.2679184776212176], [10.974998002671938, 2.03928964194089], [1.824626835430017, 1.8095138110669995], [0.29528731568587, 0.23121526296420514]]}