{"v_beta_reduct": 0.62, "v_tau_reduct": 0.85, "v_beta_reduct_delta": 0.62, "v_tau_reduct_delta": 0.85, "v_tau_reduct_omicron": 0.85, "S": [[0.0, 0.0], [1115.8889421240362, 133.7740093501836], [2526.7831361773488, 23.765791052236256], [1119.849287146286, -5.579468173132934e-13], [17.13840119095686, 13.420058299180821]], "E": [[0.0, 0.0], [2.054552801357342, 0.24630207835563672], [4.92674084837757, 0.046338718940555884], [1.797475109712116, -8.955629370621993e-16], [0.012292367510155874, 0.009625418776419589]], "IA": [[0.0, 0.0], [3.411187346271161, 0.40893693873039866], [7.912806547292249, 0.07442431617784649], [2.940392780787039, -1.4650032040220355e-15], [0.022463030847076206, 0.017589457743766898]], "IY": [[0.0, 0.0], [0.31895898909385156, 0.03827428939334317], [0.74475963290888, 0.00742098585028292], [0.27888800043401896, -1.5645740908262187e-16], [0.0021361222046621716, 0.0019204844172079415]], "PA": [[0.0, 0.0], [2.52253514568227, 0.30240432307031284], [5.921005027226022, 0.05569032271965326], [2.182685181478314, -1.0874876326492928e-15], [0.015912201690383685, 0.01245989471094592]], "PY": [[0.0, 0.0], [0.23584117545744573, 0.028272902813025434], [0.5535767412004643, 0.005206695016435596], [0.20406734064122012, -1.0167325597759934e-16], [0.0014876908086690049, 0.001164921812778432]], "R": [[0.0, 0.0], [3990.613473776106, 419.6828508024175], [7087.890869875887, 199.48922684563374], [1838.1298881891569, 113.02020769096002], [161.34328653160543, 125.68398943656095]], "D": [[0.0, 0.0], [1.5820016673607058, 0.16025588915921984], [4.297677465780256, 0.18669284731050753], [1.9239928506723392, 0.4366656298824196], [0.314020888644927, 1.913972264670707]], "IH": [[0.0, 0.0], [7.380439032493744e-05, 8.846990655059582e-05], [0.010690745194563717, 0.0010015343593143768], [0.009114804234105807, -4.5087038680898995e-17], [8.546762592791093e-05, 0.0006642124654326245]], "ICU": [[0.0, 0.0], [2.5652532473075585e-05, 3.075087731089361e-05], [0.003758927505404684, 0.000352916725940421], [0.0029816648712790903, -1.481094019573044e-17], [2.172683866287219e-05, 0.0001688928091745443]], "IYIH": [[0.0, 0.0], [1.723795530190125e-05, 2.0662239338745172e-05], [0.0024567389082148, 0.00022932848885332498], [0.0019733802324339565, -9.67201014411671e-18], [1.7981769720552442e-05, 0.0001379326402465813]], "IYICU": [[0.0, 0.0], [3.5837792664687953e-06, 4.2955404049290344e-06], [0.000510638648185743, 4.757287294583882e-05], [0.00041006099301117124, -2.0020441307209337e-18], [3.7362002403656242e-06, 2.853195261143299e-05]], "IHICU": [[0.0, 0.0], [1.140198076223202e-06, 1.3667748517210573e-06], [0.00016554201268750672, 1.551672574195925e-05], [0.00013207039632392886, -6.541279248497714e-19], [1.1889157042317276e-06, 9.255407003858147e-06]], "ToICU": [[0.0, 0.0], [4.723977342691997e-06, 5.662315256650091e-06], [0.0006761806608732498, 6.308959868779807e-05], [0.0005421313893351001, -2.6561720555707048e-18], [4.925115944597351e-06, 3.7787359615291134e-05]], "ToIHT": [[0.0, 0.0], [2.082173456837005e-05, 2.4957779743674212e-05], [0.002967377556400543, 0.00027690136179916384], [0.0023834412254451274, -1.1674054274837643e-17], [2.1717969960918065e-05, 0.00016646459285801427]], "ToICUD": [[0.0, 0.0], [4.735262631018671e-07, 5.67643988648352e-07], [6.95670935129113e-05, 6.536059844809086e-06], [0.0001337506974554321, -6.654137225145288e-19], [2.073123476360042e-06, 1.6145363240100368e-05]], "ToIYD": [[0.0, 0.0], [0.00014964252668097513, 1.7892457261848758e-05], [0.0003405816873327014, 2.6848414127061273e-06], [0.00012403924938047108, -3.988313493072553e-20], [9.463458607334312e-07, 4.2742502998280744e-07]], "ToIA": [[0.0, 0.0], [1.0202324473605244, 0.12230660220790772], [2.378786154917414, 0.022373797698067202], [0.8797850596305006, -4.383386939429295e-16], [0.006540155268969318, 0.005121204948894218]], "ToIY": [[0.0, 0.0], [0.09538531902605232, 0.011434898292811498], [0.22240154865548256, 0.0020918094075284255], [0.08225437134872367, -4.098191179018097e-17], [0.0006114633958413084, 0.00047880046269049273]]}