{"v_beta_reduct": 0.7, "v_tau_reduct": 0.95, "v_beta_reduct_delta": 0.7, "v_tau_reduct_delta": 0.95, "v_tau_reduct_omicron": 0.95, "S": [[0.0, 0.0], [77110.83291153643, 7626.359464036193], [202258.1527369646, 16602.657836050268], [61346.28081894213, 13749.842318429568], [36249.826655799814, 28363.855172987955]], "E": [[0.0, 0.0], [112.53485466657642, 11.127298232706565], [312.5724097753496, 25.643400697073883], [78.06166711412735, 17.482638168171682], [20.602110710817673, 16.120222863631323]], "IA": [[0.0, 0.0], [201.60766399059574, 19.91894916921414], [542.1450847552932, 44.41641269544872], [137.97835476694723, 30.8411132698403], [40.613978021418696, 31.77860687547337]], "IY": [[0.0, 0.0], [5.9150210908861505, 0.5849784482841623], [16.012124483962538, 1.3906501747344242], [4.106934583822292, 1.0350933736066672], [1.2120826022254654, 1.0907552521665786]], "PA": [[0.0, 0.0], [147.67031345183398, 14.597598978468238], [401.46712312077864, 32.91476736760697], [101.33176149950388, 22.674163746342778], [28.497023880549897, 22.29763650689828]], "PY": [[0.0, 0.0], [4.332067867603985, 0.4282363055958263], [11.777470930460325, 0.9655901904032933], [2.972676482486735, 0.6651710414521556], [0.8359909218689375, 0.6541252089002592]], "R": [[0.0, 0.0], [15741.19878139348, 3026.7131685359554], [121125.74165622672, 17315.103502166538], [30918.320768351885, 10872.128050348332], [10512.664166005909, 8215.50375009321]], "D": [[0.0, 0.0], [1.5910037434789392, 0.4079556959183011], [18.897357481879354, 9.879518901202268], [9.414875931155757, 25.406201114599078], [5.451859528935467, 33.29298284040475]], "IH": [[0.0, 0.0], [0.0013789246797540503, 0.0013606734393593618], [0.23254680791466226, 0.19029315816711462], [0.1359476601404017, 0.30290396714110784], [0.04927146044248863, 0.38360169026346447]], "ICU": [[0.0, 0.0], [0.0004784579268237955, 0.0004712796876518012], [0.08221548130218416, 0.06773185431666534], [0.04469731020123127, 0.10043050522899723], [0.012569329305181863, 0.09790436365831337]], "IYIH": [[0.0, 0.0], [0.0003201867695869845, 0.00031627639932666363], [0.05291346257691854, 0.043047152225540605], [0.029113007495340345, 0.06409533307713791], [0.010219234453544512, 0.07846566126913912]], "IYICU": [[0.0, 0.0], [6.656698466533882e-05, 6.57517333992735e-05], [0.010998180926250134, 0.008929883564599849], [0.0060495735017860874, 0.013267323284575213], [0.00212332305524112, 0.01623095537759286]], "IHICU": [[0.0, 0.0], [2.1322366986479386e-05, 2.1036920053684545e-05], [0.003606218760265799, 0.0029534639282382106], [0.0019728349297436377, 0.0044027469720001955], [0.0006867002441811483, 0.005355796879761898]], "ToICU": [[0.0, 0.0], [8.78893516518182e-05, 8.678865345295804e-05], [0.014604399686515935, 0.01188334749283806], [0.008022408431529727, 0.01767007025657541], [0.002810023299422269, 0.021586752257354763]], "ToIHT": [[0.0, 0.0], [0.00038675375425232335, 0.00038202813272593714], [0.06391164350316868, 0.051977035790140465], [0.03516258099712643, 0.0773626563617131], [0.012342557508785632, 0.09469661664673198]], "ToICUD": [[0.0, 0.0], [8.834830193930005e-06, 8.69980562984044e-06], [0.001523734278186554, 0.0012569934037088633], [0.0020079761369721054, 0.004521586920652293], [0.0012017334376357874, 0.009378612290071172]], "ToIYD": [[0.0, 0.0], [0.002779538313661305, 0.00027387941186375836], [0.007335478876816409, 0.0005039704293700554], [0.001829934007434576, 0.0002643010893759501], [0.0005378186004641598, 0.00024314902955983875]], "ToIA": [[0.0, 0.0], [59.82685521049185, 5.913587314546406], [161.57133524826975, 13.244029772979768], [40.917537529583946, 9.15339598272134], [11.730753018722492, 9.178785400892416]], "ToIY": [[0.0, 0.0], [1.7550853046824697, 0.1734814600767604], [4.739869330494796, 0.38852789349451733], [1.2003600819280935, 0.26852474061508824], [0.34413428824867864, 0.26926956657275775]]}