{"v_beta_reduct": 0.4, "v_tau_reduct": 0.7, "v_beta_reduct_delta": 0.4, "v_tau_reduct_delta": 0.8, "v_tau_reduct_omicron": 0.7, "S": [[44011.82071749757, 3176.4121012490705], [63314.20546033288, 9396.690575869106], [295052.3303992457, 57884.34538057209], [85836.13350873286, 43008.84266771916], [62417.111348685634, 48697.260395921156]], "E": [[85.3511501515652, 6.159730972420877], [181.86307668400366, 27.11343373449209], [903.4979621709363, 177.81022966056372], [216.43397115438927, 108.76788826607667], [70.48827220406719, 54.994480436277065]], "IA": [[132.75952071241335, 9.579730800547184], [259.82290243198923, 39.50001751816938], [1283.6974070306044, 256.0226072426197], [313.77346202716194, 159.61810197919934], [115.35834429053102, 90.00301223648913]], "IY": [[27.38846947459868, 1.978788552338092], [53.59994841364426, 8.156390257265953], [266.5383621998388, 56.291324284546526], [65.64566497133784, 37.566642832199825], [24.19921621972475, 21.64759171546914]], "PA": [[97.01227305963262, 7.000919203731256], [198.5902640830129, 29.817968475376052], [975.8992935374508, 192.98643193404212], [236.33169814284568, 119.29898213839596], [82.340770169902, 64.24204342040697]], "PY": [[20.010975504459807, 1.4440979298408263], [40.96373360457805, 6.150630409275399], [201.30130180326194, 39.80781647855392], [48.7487580005146, 24.60811332408409], [16.984646199099217, 13.251374457044147]], "R": [[12685.924620356476, 903.1182926318854], [42908.28202544686, 6397.774259696219], [129496.2702168253, 45256.344811263865], [34606.88667036495, 27884.147302550322], [17216.07722585664, 13332.464254425779]], "D": [[4.30108438807423, 0.31959371996902136], [14.531937302664632, 2.240384466132646], [53.99717683078997, 51.86806787860574], [26.423018569629605, 131.10152239567233], [21.184404506079336, 124.54934620136869]], "IH": [[0.00816542038579543, 0.005890522411605449], [0.011915185026319036, 0.01840228091561333], [3.746740675079969, 7.5132956667479505], [2.102169776641333, 10.701314248861117], [0.9555786592891722, 7.383588398272871]], "ICU": [[0.0028188617737939605, 0.002033393568762998], [0.004058146249597624, 0.006326988230309066], [1.2997738912141896, 2.6255000902226158], [0.6804337821835938, 3.4901832414720935], [0.24219841887121957, 1.8715254471862057]], "IYIH": [[0.00192775222024811, 0.0013907506095579495], [0.00288019872416848, 0.0043875737921528594], [0.8768025678114226, 1.7373049175971966], [0.4633328670904018, 2.3195121372929406], [0.20345023640008064, 1.552748319563817]], "IYICU": [[0.0004007801560348244, 0.0002891243373194462], [0.0005987947114497052, 0.0009121470424775798], [0.18224536455864482, 0.3603938896832535], [0.09627882779562699, 0.48012415117533874], [0.0422723032245055, 0.3211925864108521]], "IHICU": [[0.00012595355725779364, 9.086197516424361e-05], [0.00018309497523936457, 0.0002833911212865859], [0.057857982053953275, 0.11623388086558527], [0.030383241571355295, 0.15503486822117035], [0.01327156831586907, 0.10271445777125116]], "ToICU": [[0.000526733713292618, 0.00037998631248368993], [0.0007818896866890698, 0.0011955381637641655], [0.2401033466125981, 0.4766277705488388], [0.12666206936698227, 0.6351590193965091], [0.05554387154037457, 0.4239070441821032]], "ToIHT": [[0.0023285323762829344, 0.0016798749468773958], [0.0034789934356181853, 0.0052997208346304385], [1.0590479323700677, 2.0976988072804503], [0.5596116948860288, 2.799636288468279], [0.24572253962458618, 1.873940905974669]], "ToICUD": [[5.194882133945081e-05, 3.7473125178169607e-05], [7.45077554611635e-05, 0.00011643656832732625], [0.02398230246221924, 0.048540754927338], [0.03043998092104707, 0.15654616961372814], [0.023070809396105202, 0.17859291479196185]], "ToIYD": [[0.012865980422758752, 0.0009252092099439812], [0.02500297784043768, 0.00379941763679475], [0.12155255774406055, 0.020339331639891597], [0.02912335904789622, 0.009564652452456489], [0.010707193567404849, 0.004811649337378417]], "ToIA": [[39.49723512601855, 2.8502863685179003], [79.88287219650284, 12.018767900052147], [391.0877871292296, 77.44737896268313], [95.0376293850141, 48.03639859325844], [33.80251753636881, 26.372666899226044]], "ToIY": [[8.147198077863901, 0.5879360301767924], [16.47764915030396, 2.4791427152097922], [80.67070156706667, 15.975273585788676], [19.603660584846086, 9.90859367846465], [6.9725337740881415, 5.439959034701634]]}